"film_id","film_title","category_id","category","store_id","inventory_count","total_rent","total_revenue","last_rental_date","average_rental_duration"
535,"Love Suicides",11,"Horror",1,4,20,22.85,"2005-08-23",6
450,"Idols Snatchers",3,"Children",2,4,20,52.85,"2005-08-23",5
759,"Salute Apollo",13,"New",2,4,19,74.84,"2005-08-22",4
396,"Hanging Deep",7,"Drama",2,4,19,92.85,"2005-08-20",5
875,"Talented Homicide",15,"Sports",2,4,19,22.85,"2005-08-17",6
228,"Detective Vision",4,"Classics",2,4,19,37.84,"2006-02-14",4
603,"Movie Shakespeare",8,"Family",1,4,18,88.84,"2005-08-21",6
838,"Stagecoach Armageddon",1,"Action",2,4,18,99.84,"2005-08-23",5
688,"Polish Brooklyn",3,"Children",2,4,18,18.85,"2005-08-23",6
8,"Airport Pollock",11,"Horror",2,4,18,86.85,"2005-08-23",6
971,"Whale Bikini",9,"Foreign",1,4,18,113.85,"2005-08-23",4
285,"English Bulworth",14,"Sci-Fi",2,4,18,54.84,"2005-08-23",3
474,"Jade Bunch",15,"Sports",2,4,18,53.85,"2005-08-23",6
489,"Juggler Hardly",2,"Animation",1,4,18,42.85,"2005-08-23",4
870,"Swarm Gold",11,"Horror",2,4,18,43.86,"2006-02-14",4
730,"Ridgemont Submarine",13,"New",2,4,18,53.85,"2006-02-14",3
55,"Barbarella Streetcar",14,"Sci-Fi",1,4,18,59.84,"2005-08-23",6
738,"Rocketeer Mother",9,"Foreign",2,4,18,50.85,"2005-08-23",3
735,"Robbers Joon",3,"Children",2,4,18,48.85,"2005-08-21",7
753,"Rush Goodfellas",8,"Family",2,4,18,43.85,"2005-08-22",3
545,"Madness Attacks",9,"Foreign",1,4,18,45.84,"2005-08-22",4
941,"Videotape Arsenic",10,"Games",1,4,18,92.86,"2005-08-22",4
791,"Show Lord",6,"Documentary",2,4,18,102.85,"2005-08-23",3
938,"Velvet Terminator",5,"Comedy",1,4,18,102.85,"2005-08-23",3
649,"Oz Liaisons",2,"Animation",2,4,17,63.85,"2005-08-22",4
702,"Pulp Beverly",11,"Horror",1,4,17,55.86,"2006-02-14",4
527,"Lola Agent",11,"Horror",2,4,17,104.84,"2005-08-22",4
973,"Wife Turn",6,"Documentary",1,4,17,103.86,"2005-08-22",3
353,"Gentlemen Stage",9,"Foreign",2,4,17,48.86,"2005-08-22",6
748,"Rugrats Shakespeare",1,"Action",2,4,17,36.85,"2005-08-22",4
760,"Samurai Lion",13,"New",2,4,17,67.84,"2005-08-23",5
767,"Scalawag Duck",12,"Music",1,4,17,80.85,"2005-08-23",6
437,"House Dynamite",8,"Family",2,4,17,45.86,"2005-08-23",7
135,"Chance Resurrection",15,"Sports",2,4,17,80.85,"2005-08-22",3
131,"Center Dinosaur",4,"Classics",1,4,17,80.86,"2005-08-20",5
119,"Caper Motions",5,"Comedy",2,4,17,24.84,"2005-08-23",6
433,"Horn Working",2,"Animation",1,4,17,72.84,"2005-08-23",4
854,"Strangers Graffiti",11,"Horror",2,4,17,104.86,"2005-08-23",4
103,"Bucket Brotherhood",16,"Travel",2,4,17,69.87,"2005-08-20",7
428,"Homicide Peach",8,"Family",1,4,17,43.87,"2005-08-23",6
103,"Bucket Brotherhood",16,"Travel",1,4,17,80.85,"2005-08-23",7
101,"Brotherhood Blanket",6,"Documentary",1,4,17,64.85,"2005-08-20",3
951,"Voyage Legally",4,"Classics",2,4,17,28.85,"2005-08-23",6
878,"Teen Apollo",16,"Travel",2,4,17,109.86,"2005-08-21",3
510,"Lawless Vision",2,"Animation",1,4,17,76.86,"2006-02-14",6
86,"Boogie Amelie",12,"Music",1,4,17,84.85,"2006-02-14",6
891,"Timberland Sky",4,"Classics",2,4,17,64.84,"2005-08-23",3
895,"Tomorrow Hustler",4,"Classics",1,4,17,63.84,"2005-08-23",3
58,"Beach Heartbreakers",6,"Documentary",2,4,17,55.86,"2005-08-23",6
358,"Gilmore Boiled",4,"Classics",1,4,17,32.87,"2005-08-20",5
349,"Gangs Pride",2,"Animation",1,4,17,60.87,"2005-08-23",4
348,"Gandhi Kwai",8,"Family",2,4,17,16.87,"2005-08-22",7
953,"Wait Cider",2,"Animation",1,4,17,53.86,"2005-08-23",3
552,"Majestic Floats",6,"Documentary",2,4,17,36.85,"2005-08-22",5
561,"Mask Peach",13,"New",1,4,17,49.86,"2005-08-22",6
563,"Massacre Usual",10,"Games",1,4,17,91.85,"2005-08-23",6
331,"Forward Temple",10,"Games",2,4,17,45.87,"2005-08-22",6
572,"Metropolis Coma",14,"Sci-Fi",2,4,17,64.85,"2005-08-21",4
995,"Yentl Idaho",11,"Horror",1,4,17,84.85,"2005-08-23",5
309,"Feud Frogmen",8,"Family",2,4,17,18.87,"2005-08-22",6
391,"Half Outfield",8,"Family",1,4,17,49.86,"2006-02-14",6
299,"Factory Dragon",16,"Travel",1,4,17,30.85,"2005-08-19",4
288,"Escape Metropolis",16,"Travel",2,4,17,47.85,"2005-08-23",7
621,"Network Peak",8,"Family",2,4,17,65.85,"2005-08-23",5
626,"Noon Papi",3,"Children",2,4,17,60.85,"2005-08-20",5
641,"Orange Grapes",9,"Foreign",2,4,17,45.85,"2005-08-23",4
267,"Eagles Panky",13,"New",1,4,17,98.86,"2006-02-14",4
265,"Dying Maker",5,"Comedy",1,4,17,83.85,"2005-08-21",5
398,"Hanover Galaxy",12,"Music",2,4,17,81.86,"2005-08-20",5
873,"Sweethearts Suspects",3,"Children",1,4,16,44.86,"2006-02-14",3
382,"Grit Clockwork",10,"Games",1,4,16,53.86,"2005-08-23",3
382,"Grit Clockwork",10,"Games",2,4,16,43.86,"2005-08-22",3
403,"Harry Idaho",7,"Drama",1,4,16,97.85,"2006-02-14",5
447,"Ice Crossing",10,"Games",1,4,16,55.86,"2005-08-23",5
427,"Homeward Cider",6,"Documentary",1,4,16,23.84,"2005-08-21",5
418,"Hobbit Alien",7,"Drama",2,4,16,33.87,"2005-08-22",5
945,"Virginian Pluto",6,"Documentary",2,4,16,25.87,"2005-08-22",5
927,"Uprising Uptown",1,"Action",1,4,16,45.87,"2005-08-23",6
893,"Titans Jerk",14,"Sci-Fi",2,4,16,91.86,"2006-02-14",4
85,"Bonnie Holocaust",6,"Documentary",2,4,16,31.85,"2005-08-21",4
865,"Sunrise League",2,"Animation",1,4,16,109.85,"2005-08-22",3
1000,"Zorro Ark",5,"Comedy",1,4,16,108.85,"2005-08-21",3
109,"Butterfly Chocolat",13,"New",1,4,16,67.86,"2005-08-21",3
111,"Caddyshack Jedi",1,"Action",2,4,16,46.86,"2005-08-23",3
114,"Camelot Vacation",14,"Sci-Fi",1,4,16,54.86,"2006-02-14",3
852,"Strangelove Desire",3,"Children",1,4,16,53.86,"2005-08-21",4
850,"Story Side",1,"Action",2,4,16,22.85,"2005-08-23",7
130,"Celebrity Horn",1,"Action",2,4,16,16.86,"2005-08-23",7
809,"Slipper Fidelity",15,"Sports",2,4,16,24.86,"2005-08-20",5
154,"Clash Freddy",2,"Animation",2,4,16,45.86,"2005-08-23",6
159,"Closer Bang",5,"Comedy",1,4,16,89.86,"2005-08-22",5
979,"Witches Panic",7,"Drama",1,4,16,79.86,"2005-08-21",6
179,"Conquerer Nuts",7,"Drama",1,4,16,84.87,"2005-08-22",4
181,"Contact Anonymous",16,"Travel",2,4,16,50.85,"2005-08-21",7
741,"Roman Punk",12,"Music",1,4,16,14.86,"2005-08-23",7
203,"Daisy Menagerie",14,"Sci-Fi",2,4,16,85.86,"2005-08-22",5
220,"Deer Virginian",12,"Music",2,4,16,40.87,"2005-08-21",7
687,"Pocus Pulp",6,"Documentary",2,4,16,23.85,"2005-08-23",6
686,"Pluto Oleander",13,"New",1,4,16,73.87,"2005-08-21",5
678,"Pickup Driving",15,"Sports",1,4,16,93.85,"2005-08-20",3
239,"Dogma Family",2,"Animation",1,4,16,89.86,"2005-08-23",5
676,"Philadelphia Wife",15,"Sports",2,4,16,69.87,"2006-02-14",7
969,"West Lion",7,"Drama",1,4,16,92.86,"2005-08-22",4
260,"Dude Blindness",15,"Sports",2,4,16,90.87,"2005-08-23",3
966,"Wedding Apollo",6,"Documentary",2,4,16,52.86,"2005-08-21",3
624,"Nightmare Chill",10,"Games",2,4,16,86.87,"2005-08-21",3
284,"Enemy Odds",12,"Music",2,4,16,88.86,"2005-08-21",5
31,"Apache Divine",8,"Family",2,4,16,79.86,"2005-08-23",5
609,"Muscle Bright",16,"Travel",2,4,16,45.86,"2005-08-23",7
295,"Expendable Stallion",6,"Documentary",1,4,16,47.86,"2005-08-22",3
303,"Fantasy Troopers",1,"Action",1,4,16,22.86,"2005-08-22",6
305,"Fatal Haunted",13,"New",1,4,16,48.87,"2005-08-20",6
341,"Frost Head",4,"Classics",1,4,16,39.86,"2005-08-20",5
956,"Wanda Chamber",10,"Games",1,4,16,76.86,"2006-02-14",7
526,"Lock Rear",16,"Travel",2,4,16,42.86,"2005-08-23",7
40,"Army Flintstones",6,"Documentary",2,4,16,36.86,"2005-08-22",4
525,"Loathing Legally",4,"Classics",2,4,16,38.85,"2006-02-14",4
521,"Lies Treatment",7,"Drama",1,4,16,74.86,"2005-08-20",7
366,"Goldfinger Sensibility",7,"Drama",1,4,16,44.87,"2005-08-22",3
369,"Goodfellas Salute",14,"Sci-Fi",2,4,16,88.87,"2005-08-23",4
42,"Artist Coldblooded",15,"Sports",2,4,16,59.86,"2005-08-22",5
374,"Graffiti Love",14,"Sci-Fi",2,4,16,36.86,"2005-08-21",3
491,"Jumping Wrath",3,"Children",2,4,16,46.86,"2005-08-23",4
150,"Cider Desire",6,"Documentary",2,4,15,43.87,"2005-08-22",7
792,"Shrek License",9,"Foreign",2,3,15,37.88,"2006-02-14",7
559,"Married Go",14,"Sci-Fi",1,4,15,40.87,"2005-08-22",7
152,"Circus Youth",3,"Children",1,4,15,53.86,"2005-08-23",5
206,"Dancing Fever",6,"Documentary",2,4,15,23.87,"2005-08-21",6
201,"Cyclone Family",9,"Foreign",1,4,15,43.87,"2006-02-14",7
732,"Rings Heartbreakers",1,"Action",1,4,15,31.87,"2005-08-23",5
789,"Shock Cabin",9,"Foreign",2,4,15,50.85,"2005-08-22",7
406,"Haunting Pianist",10,"Games",2,4,15,34.86,"2005-08-23",5
789,"Shock Cabin",9,"Foreign",1,4,15,45.86,"2006-02-14",7
738,"Rocketeer Mother",9,"Foreign",1,4,15,46.87,"2005-08-20",3
976,"Wind Phantom",10,"Games",2,4,15,17.86,"2005-08-23",6
494,"Karate Moon",11,"Horror",1,4,15,34.87,"2005-08-20",4
176,"Congeniality Quest",15,"Sports",2,4,15,24.88,"2005-08-21",6
764,"Saturday Lambs",15,"Sports",2,4,15,96.87,"2005-08-23",3
174,"Confidential Interview",12,"Music",2,4,15,66.89,"2005-08-23",6
378,"Greatest North",12,"Music",1,4,15,46.87,"2005-08-23",5
334,"Freddy Storm",11,"Horror",2,4,15,75.86,"2005-08-22",6
559,"Married Go",14,"Sci-Fi",2,4,15,43.87,"2005-08-22",7
331,"Forward Temple",10,"Games",1,4,15,56.87,"2005-08-23",6
442,"Hunting Musketeers",8,"Family",1,3,15,40.88,"2005-08-23",6
767,"Scalawag Duck",12,"Music",2,4,15,76.86,"2005-08-23",6
872,"Sweet Brotherhood",16,"Travel",2,3,15,58.89,"2005-08-23",3
172,"Coneheads Smoochy",7,"Drama",1,4,15,78.86,"2005-08-23",7
775,"Seattle Expecations",7,"Drama",1,3,15,71.89,"2005-08-21",4
166,"Color Philadelphia",4,"Classics",1,4,15,55.86,"2005-08-23",6
330,"Forrester Comancheros",2,"Animation",1,4,15,73.86,"2005-08-20",7
167,"Coma Head",16,"Travel",1,4,15,70.87,"2005-08-23",6
770,"Scissorhands Slums",9,"Foreign",2,3,15,42.88,"2005-08-22",5
418,"Hobbit Alien",7,"Drama",1,4,15,34.87,"2005-08-21",5
869,"Suspects Quills",1,"Action",2,3,15,50.88,"2005-08-23",4
100,"Brooklyn Desert",9,"Foreign",1,4,15,67.87,"2005-08-20",7
869,"Suspects Quills",1,"Action",1,4,15,67.85,"2006-02-14",4
417,"Hills Neighbors",1,"Action",1,4,15,29.87,"2005-08-23",5
571,"Metal Armageddon",6,"Documentary",2,4,15,58.86,"2005-08-22",6
532,"Loser Hustler",15,"Sports",2,4,15,83.86,"2005-08-23",5
416,"Highball Potter",9,"Foreign",2,4,15,15.87,"2005-08-23",6
327,"Fool Mockingbird",1,"Action",1,4,15,104.86,"2005-08-22",3
531,"Lose Inch",9,"Foreign",2,4,15,39.86,"2005-08-22",3
326,"Flying Hook",2,"Animation",2,4,15,56.86,"2006-02-14",6
12,"Alaska Phantom",12,"Music",2,4,15,24.87,"2005-08-23",6
322,"Flatliners Killer",15,"Sports",1,4,15,52.87,"2005-08-22",5
320,"Flamingos Connecticut",13,"New",2,4,15,87.86,"2005-08-21",4
468,"Invasion Cyclone",3,"Children",1,4,15,53.86,"2005-08-23",5
588,"Model Fish",3,"Children",2,4,15,76.87,"2005-08-21",4
902,"Trading Pinocchio",15,"Sports",1,4,15,85.86,"2005-08-23",6
110,"Cabin Flash",3,"Children",1,4,15,39.86,"2005-08-21",4
589,"Modern Dorado",6,"Documentary",2,4,15,42.88,"2005-08-23",3
595,"Moon Bunch",9,"Foreign",1,4,15,18.86,"2005-08-21",7
858,"Submarine Bed",5,"Comedy",2,4,15,78.87,"2005-08-21",5
304,"Fargo Gandhi",3,"Children",1,4,15,48.87,"2005-08-22",3
301,"Family Sweet",11,"Horror",1,4,15,28.87,"2006-02-14",4
598,"Mosquito Armageddon",15,"Sports",1,4,15,16.89,"2006-02-14",6
958,"Wardrobe Phantom",7,"Drama",2,3,15,41.88,"2005-08-23",6
369,"Goodfellas Salute",14,"Sci-Fi",1,4,15,75.88,"2005-08-23",4
887,"Thief Pelican",2,"Animation",1,4,15,75.88,"2005-08-22",5
961,"Wash Heavenly",9,"Foreign",1,3,15,63.88,"2005-08-20",7
117,"Candles Grapes",10,"Games",1,4,15,70.87,"2005-08-22",6
615,"Nash Chocolat",2,"Animation",2,4,15,58.87,"2005-08-22",6
618,"Necklace Outbreak",7,"Drama",2,4,15,36.86,"2005-08-23",3
505,"Labyrinth League",3,"Children",2,4,15,41.87,"2005-08-22",6
529,"Lonely Elephant",5,"Comedy",1,4,15,65.87,"2005-08-21",3
31,"Apache Divine",8,"Family",1,4,15,80.86,"2005-08-23",5
367,"Goldmine Tycoon",14,"Sci-Fi",1,4,15,24.87,"2005-08-20",6
84,"Boiled Dares",16,"Travel",1,4,15,66.87,"2005-08-21",7
849,"Storm Happiness",2,"Animation",1,4,15,18.86,"2005-08-22",6
122,"Carrie Bunch",11,"Horror",1,4,15,22.85,"2005-08-23",7
67,"Berets Agent",1,"Action",2,4,15,49.86,"2006-02-14",5
962,"Wasteland Divine",4,"Classics",1,4,15,40.88,"2005-08-21",7
985,"Wonderland Christmas",14,"Sci-Fi",1,4,15,95.86,"2005-08-23",4
395,"Handicap Boondock",1,"Action",1,3,15,24.88,"2005-08-20",4
634,"Odds Boogie",8,"Family",2,4,15,19.87,"2005-08-23",6
45,"Attraction Newton",13,"New",1,4,15,82.86,"2005-08-21",5
127,"Cat Coneheads",5,"Comedy",1,4,15,85.86,"2006-02-14",5
127,"Cat Coneheads",5,"Comedy",2,4,15,73.87,"2005-08-23",5
272,"Edge Kissing",7,"Drama",1,4,15,79.87,"2005-08-23",5
638,"Operation Operation",5,"Comedy",2,4,15,46.86,"2005-08-23",7
907,"Translation Summer",7,"Drama",1,4,15,25.87,"2005-08-20",4
911,"Trip Newton",1,"Action",1,4,15,73.86,"2005-08-23",7
914,"Trouble Date",16,"Travel",2,4,15,51.86,"2005-08-21",6
61,"Beauty Grease",7,"Drama",1,4,15,80.86,"2005-08-20",5
28,"Anthem Luke",5,"Comedy",1,3,15,63.89,"2005-08-22",5
651,"Packer Madigan",2,"Animation",2,4,15,48.86,"2005-08-21",3
989,"Working Microcosmos",16,"Travel",1,4,15,88.86,"2005-08-21",4
830,"Spirit Flintstones",11,"Horror",2,4,15,14.86,"2005-08-20",7
253,"Drifter Commandments",1,"Action",1,4,15,83.86,"2005-08-23",5
247,"Downhill Enough",5,"Comedy",2,4,15,46.88,"2005-08-20",3
244,"Dorado Notting",12,"Music",1,4,15,78.87,"2005-08-23",5
514,"Lebowski Soldiers",7,"Drama",2,4,15,41.88,"2005-08-23",6
680,"Pinocchio Simon",5,"Comedy",2,4,15,82.87,"2005-08-23",4
137,"Charade Duffel",14,"Sci-Fi",2,4,15,66.87,"2005-08-23",3
236,"Divine Resurrection",10,"Games",2,4,15,64.85,"2006-02-14",4
683,"Pity Bound",7,"Drama",1,4,15,78.87,"2005-08-22",5
970,"Westward Seabiscuit",4,"Classics",2,4,15,19.86,"2005-08-23",7
897,"Torque Bound",7,"Drama",1,4,15,80.88,"2005-08-19",3
690,"Pond Seattle",2,"Animation",1,4,15,48.86,"2005-08-22",7
697,"Primary Glass",1,"Action",2,4,15,20.85,"2005-08-20",7
1000,"Zorro Ark",5,"Comedy",2,4,15,90.87,"2005-08-23",3
486,"Jet Neighbors",9,"Foreign",1,4,15,66.88,"2005-08-23",7
879,"Telegraph Voyage",12,"Music",1,4,15,121.86,"2005-08-23",3
356,"Giant Troopers",3,"Children",1,4,15,54.86,"2005-08-20",5
73,"Bingo Talented",14,"Sci-Fi",2,4,15,57.87,"2005-08-22",5
706,"Queen Luke",7,"Drama",2,4,15,77.86,"2005-08-21",5
421,"Holiday Games",9,"Foreign",2,4,15,82.85,"2005-08-23",7
707,"Quest Mussolini",1,"Action",2,4,15,58.85,"2005-08-23",5
361,"Gleaming Jawbreaker",15,"Sports",2,4,15,61.86,"2006-02-14",5
452,"Illusion Amelie",9,"Foreign",2,4,15,34.87,"2005-08-23",4
715,"Range Moonwalker",8,"Family",1,4,15,90.88,"2005-08-23",3
901,"Tracy Cider",2,"Animation",1,4,15,38.87,"2005-08-23",3
982,"Women Dorado",1,"Action",2,4,15,26.88,"2005-08-23",4
795,"Siege Madre",8,"Family",1,4,15,16.86,"2005-08-23",7
476,"Jason Trap",8,"Family",2,4,15,61.86,"2005-08-21",5
595,"Moon Bunch",9,"Foreign",2,4,14,16.88,"2005-08-22",7
81,"Blindness Gun",14,"Sci-Fi",1,4,14,71.87,"2005-08-23",6
880,"Telemark Heartbreakers",2,"Animation",2,4,14,52.87,"2005-08-23",6
91,"Bound Cheaper",4,"Classics",2,4,14,26.86,"2006-02-14",5
426,"Home Pity",12,"Music",2,3,14,66.88,"2005-08-21",7
109,"Butterfly Chocolat",13,"New",2,4,14,40.88,"2005-08-22",3
856,"Streetcar Intentions",11,"Horror",2,4,14,82.87,"2005-08-22",5
849,"Storm Happiness",2,"Animation",2,4,14,23.88,"2005-08-20",6
847,"Stock Glass",13,"New",2,4,14,42.87,"2005-08-23",7
840,"Stampede Disturbing",10,"Games",1,4,14,32.86,"2005-08-23",5
129,"Cause Date",6,"Documentary",2,3,14,65.88,"2005-08-22",3
835,"Spy Mile",10,"Games",1,4,14,49.86,"2005-08-22",6
489,"Juggler Hardly",2,"Animation",2,4,14,43.86,"2006-02-14",4
946,"Virtual Spoilers",8,"Family",2,4,14,105.87,"2005-08-23",3
832,"Splash Gump",8,"Family",1,4,14,33.86,"2005-08-22",5
816,"Snowman Rollercoaster",2,"Animation",1,4,14,42.87,"2005-08-23",3
810,"Slums Duck",8,"Family",1,4,14,25.87,"2005-08-22",5
142,"Chicken Hellfighters",6,"Documentary",1,3,14,41.88,"2005-08-23",3
143,"Chill Luck",7,"Drama",1,4,14,18.87,"2005-08-23",6
805,"Sleepless Monsoon",2,"Animation",2,3,14,70.89,"2005-08-23",5
800,"Sinners Atlantis",11,"Horror",2,4,14,35.88,"2005-08-22",7
793,"Shrunk Divine",1,"Action",1,4,14,46.87,"2005-08-23",6
434,"Horror Reign",16,"Travel",2,4,14,37.87,"2005-08-23",3
979,"Witches Panic",7,"Drama",2,3,14,66.89,"2005-08-23",6
783,"Shane Darkness",16,"Travel",1,4,14,52.87,"2005-08-22",5
379,"Greedy Roots",7,"Drama",2,4,14,14.87,"2005-08-23",7
162,"Clueless Bucket",1,"Action",2,4,14,60.87,"2005-08-23",4
164,"Coast Rainbow",6,"Documentary",2,3,14,24.88,"2005-08-21",4
774,"Searchers Wait",5,"Comedy",1,4,14,75.86,"2005-08-20",3
771,"Scorpion Apollo",7,"Drama",2,4,14,94.87,"2005-08-23",3
174,"Confidential Interview",12,"Music",1,4,14,69.87,"2005-08-21",6
443,"Hurricane Affair",5,"Comedy",2,4,14,47.87,"2005-08-21",6
374,"Graffiti Love",14,"Sci-Fi",1,3,14,30.88,"2005-08-23",3
756,"Saddle Antitrust",5,"Comedy",2,3,14,32.89,"2005-08-23",7
445,"Hyde Doctor",4,"Classics",1,3,14,51.87,"2006-02-14",5
745,"Roses Treasure",15,"Sports",2,4,14,72.88,"2005-08-22",5
745,"Roses Treasure",15,"Sports",1,4,14,64.89,"2005-08-23",5
743,"Room Roman",2,"Animation",2,4,14,18.88,"2005-08-21",7
360,"Glass Dying",1,"Action",1,4,14,35.88,"2005-08-23",4
190,"Creepers Kane",4,"Classics",2,4,14,77.87,"2005-08-23",5
973,"Wife Turn",6,"Documentary",2,4,14,94.87,"2005-08-23",3
734,"Road Roxanne",6,"Documentary",2,4,14,86.88,"2005-08-21",4
403,"Harry Idaho",7,"Drama",2,4,14,79.88,"2005-08-21",5
200,"Curtain Videotape",10,"Games",1,4,14,17.88,"2005-08-23",7
361,"Gleaming Jawbreaker",15,"Sports",1,4,14,63.86,"2005-08-23",5
730,"Ridgemont Submarine",13,"New",1,4,14,56.87,"2005-08-23",3
205,"Dances None",1,"Action",1,4,14,28.87,"2006-02-14",3
724,"Remember Diary",8,"Family",2,4,14,55.87,"2005-08-23",5
22,"Amistad Midsummer",13,"New",1,4,14,45.86,"2005-08-22",6
709,"Racer Egg",7,"Drama",2,4,14,42.87,"2005-08-23",7
219,"Deep Crusade",6,"Documentary",1,4,14,75.87,"2006-02-14",6
455,"Impossible Prejudice",9,"Foreign",1,4,14,74.86,"2005-08-22",7
698,"Princess Giant",6,"Documentary",2,3,14,56.88,"2005-08-21",3
694,"Prejudice Oleander",4,"Classics",1,4,14,77.87,"2005-08-21",6
457,"Independence Hotel",6,"Documentary",2,4,14,22.87,"2005-08-22",5
233,"Disciple Mother",16,"Travel",1,4,14,33.87,"2006-02-14",3
234,"Disturbing Scarface",14,"Sci-Fi",1,4,14,41.87,"2005-08-22",6
239,"Dogma Family",2,"Animation",2,4,14,78.86,"2005-08-19",5
241,"Donnie Alley",2,"Animation",1,4,14,34.87,"2005-08-22",4
24,"Analyze Hoosiers",11,"Horror",1,4,14,55.86,"2005-08-22",6
670,"Pelican Comforts",6,"Documentary",1,4,14,87.88,"2005-08-23",4
25,"Angels Life",13,"New",1,4,14,65.87,"2005-08-23",3
658,"Paris Weekend",11,"Horror",2,4,14,40.88,"2005-08-23",7
378,"Greatest North",12,"Music",2,4,14,56.86,"2005-08-22",5
968,"Werewolf Lola",1,"Action",1,3,14,68.88,"2005-08-23",6
652,"Pajama Jawbreaker",4,"Classics",1,4,14,39.86,"2005-08-21",3
650,"Pacific Amistad",6,"Documentary",2,4,14,23.89,"2005-08-23",3
460,"Innocent Usual",9,"Foreign",1,4,14,98.86,"2005-08-22",3
493,"Kane Exorcist",9,"Foreign",2,3,14,13.88,"2005-08-21",5
645,"Others Soup",16,"Travel",1,3,14,40.88,"2005-08-23",7
266,"Dynamite Tarzan",4,"Classics",2,4,14,29.88,"2005-08-23",4
644,"Oscar Gold",2,"Animation",2,4,14,44.86,"2005-08-23",7
271,"Easy Gladiator",1,"Action",1,3,14,80.88,"2005-08-17",5
273,"Effect Gladiator",8,"Family",1,4,14,25.88,"2006-02-14",6
629,"Notorious Reunion",6,"Documentary",2,4,14,24.87,"2005-08-22",7
277,"Elephant Trojan",11,"Horror",1,3,14,64.90,"2005-08-22",4
625,"None Spiking",14,"Sci-Fi",2,4,14,37.86,"2006-02-14",3
394,"Hamlet Wisdom",14,"Sci-Fi",1,4,14,39.88,"2005-08-20",7
621,"Network Peak",8,"Family",1,4,14,50.88,"2005-08-23",5
609,"Muscle Bright",16,"Travel",1,4,14,40.87,"2005-08-19",7
301,"Family Sweet",11,"Horror",2,4,14,31.86,"2006-02-14",4
596,"Moonshine Cabin",10,"Games",2,4,14,87.87,"2005-08-21",4
890,"Tights Dawn",15,"Sports",2,4,14,36.86,"2005-08-23",5
504,"Kwai Homeward",7,"Drama",1,4,14,29.87,"2005-08-22",5
313,"Fidelity Devil",11,"Horror",1,4,14,75.89,"2005-08-23",5
580,"Mine Titans",13,"New",1,4,14,91.88,"2005-08-23",3
319,"Fish Opus",14,"Sci-Fi",2,4,14,50.87,"2005-08-23",4
575,"Midsummer Groundhog",6,"Documentary",2,4,14,88.88,"2005-08-21",3
555,"Mallrats United",5,"Comedy",2,4,14,42.88,"2005-08-23",4
546,"Madre Gables",10,"Games",2,4,14,47.87,"2005-08-23",7
502,"Knock Warlock",5,"Comedy",1,4,14,50.88,"2005-08-21",4
341,"Frost Head",4,"Classics",2,4,14,34.86,"2006-02-14",5
471,"Island Exorcist",4,"Classics",2,4,14,44.87,"2005-08-23",7
347,"Games Bowfinger",16,"Travel",1,4,14,62.88,"2005-08-23",7
51,"Balloon Homeward",12,"Music",2,4,14,57.86,"2005-08-23",5
992,"Wrath Mile",6,"Documentary",2,4,14,22.87,"2005-08-22",5
920,"Unbreakable Karate",13,"New",1,3,14,41.88,"2005-08-22",3
915,"Truman Crazy",1,"Action",1,4,14,64.88,"2005-08-21",7
898,"Tourist Pelican",15,"Sports",1,3,14,77.88,"2005-08-19",4
73,"Bingo Talented",14,"Sci-Fi",1,4,14,61.88,"2005-08-22",5
891,"Timberland Sky",4,"Classics",1,3,14,37.90,"2005-08-21",3
78,"Blackout Private",2,"Animation",1,3,14,43.88,"2005-08-22",7
78,"Blackout Private",2,"Animation",2,4,13,34.89,"2005-08-23",7
487,"Jingle Sagebrush",4,"Classics",2,3,13,59.89,"2005-08-23",6
83,"Blues Instinct",8,"Family",1,3,13,48.88,"2005-08-21",5
647,"Outfield Massacre",12,"Music",2,3,13,32.89,"2005-08-22",4
35,"Arachnophobia Rollercoaster",11,"Horror",1,4,13,59.88,"2005-08-22",4
307,"Fellowship Autumn",16,"Travel",1,3,13,65.88,"2005-08-22",6
307,"Fellowship Autumn",16,"Travel",2,3,13,71.88,"2005-08-21",6
112,"Calendar Gunfight",9,"Foreign",1,4,13,86.88,"2005-08-23",4
593,"Monterey Labyrinth",11,"Horror",2,4,13,19.89,"2005-08-22",6
646,"Outbreak Divine",10,"Games",1,3,13,20.89,"2005-08-23",6
263,"Durham Panky",15,"Sports",1,4,13,67.88,"2005-08-20",6
263,"Durham Panky",15,"Sports",2,3,13,64.88,"2005-08-22",6
698,"Princess Giant",6,"Documentary",1,4,13,64.89,"2006-02-14",3
397,"Hanky October",14,"Sci-Fi",2,4,13,55.88,"2005-08-23",5
27,"Anonymous Human",15,"Sports",1,4,13,17.87,"2005-08-20",7
145,"Chisum Behavior",8,"Family",2,3,13,50.90,"2005-08-20",5
397,"Hanky October",14,"Sci-Fi",1,3,13,48.89,"2005-08-22",5
807,"Sleuth Orient",10,"Games",1,3,13,30.88,"2005-08-20",4
314,"Fight Jawbreaker",2,"Animation",2,4,13,31.88,"2005-08-21",3
395,"Handicap Boondock",1,"Action",2,3,13,25.88,"2005-08-22",4
993,"Wrong Behavior",3,"Children",1,4,13,39.87,"2005-08-23",6
639,"Opposite Necklace",8,"Family",2,3,13,56.89,"2006-02-14",7
579,"Minds Truman",1,"Action",1,4,13,89.88,"2005-08-22",3
578,"Million Ace",4,"Classics",2,3,13,64.89,"2005-08-23",4
833,"Splendor Patton",3,"Children",2,4,13,24.87,"2005-08-21",5
835,"Spy Mile",10,"Games",2,4,13,44.87,"2005-08-19",6
577,"Mile Mulan",15,"Sports",1,3,13,33.89,"2005-08-21",4
863,"Sun Confessions",14,"Sci-Fi",1,4,13,32.87,"2005-08-21",5
321,"Flash Wars",13,"New",1,4,13,87.88,"2005-08-23",3
270,"Earth Vision",13,"New",2,4,13,21.87,"2006-02-14",7
220,"Deer Virginian",12,"Music",1,4,13,37.89,"2006-02-14",7
456,"Inch Jet",2,"Animation",2,4,13,70.87,"2005-08-23",6
994,"Wyoming Storm",13,"New",1,3,13,61.89,"2005-08-23",6
245,"Double Wrath",2,"Animation",2,4,13,25.88,"2005-08-19",4
573,"Microcosmos Paradise",3,"Children",1,4,13,43.88,"2005-08-23",6
929,"Usual Untouchables",9,"Foreign",1,4,13,65.88,"2005-08-23",5
235,"Divide Monster",14,"Sci-Fi",2,4,13,37.88,"2005-08-19",6
430,"Hook Chariots",2,"Animation",2,4,13,17.87,"2005-08-23",7
867,"Super Wyoming",8,"Family",1,4,13,78.88,"2005-08-20",5
328,"Forever Candidate",3,"Children",2,4,13,40.88,"2005-08-23",7
134,"Champion Flatliners",2,"Animation",2,3,13,62.90,"2005-08-23",4
563,"Massacre Usual",10,"Games",2,3,13,57.90,"2005-08-21",6
98,"Bright Encounters",7,"Drama",1,3,13,87.88,"2005-08-22",4
274,"Egg Igby",6,"Documentary",2,4,13,58.89,"2005-08-22",4
4,"Affair Prejudice",11,"Horror",1,4,13,49.88,"2005-08-22",5
773,"Seabiscuit Punk",15,"Sports",2,4,13,45.88,"2006-02-14",6
773,"Seabiscuit Punk",15,"Sports",1,4,13,40.88,"2005-08-22",6
772,"Sea Virgin",7,"Drama",1,4,13,50.89,"2005-08-23",4
841,"Star Operation",15,"Sports",2,4,13,51.88,"2005-08-22",5
631,"Novocaine Flight",15,"Sports",1,3,13,35.88,"2005-08-20",4
18,"Alter Victory",2,"Animation",1,3,13,17.89,"2005-08-23",6
892,"Titanic Boondock",2,"Animation",2,4,13,84.88,"2006-02-14",3
665,"Patton Interview",11,"Horror",2,3,13,52.89,"2005-08-23",4
661,"Past Suicides",9,"Foreign",1,4,13,66.88,"2005-08-20",5
911,"Trip Newton",1,"Action",2,4,13,61.88,"2005-08-23",7
845,"Stepmom Dream",9,"Foreign",1,4,13,60.88,"2005-08-21",7
625,"None Spiking",14,"Sci-Fi",1,3,13,41.89,"2005-08-23",3
765,"Saturn Name",5,"Comedy",1,4,13,70.87,"2005-08-23",7
19,"Amadeus Holy",1,"Action",1,4,13,22.88,"2005-08-21",6
818,"Something Duck",7,"Drama",1,3,13,84.88,"2005-08-19",4
281,"Encino Elf",10,"Games",2,4,13,16.87,"2006-02-14",6
177,"Connecticut Tramp",14,"Sci-Fi",2,3,13,75.89,"2005-08-22",4
764,"Saturday Lambs",15,"Sports",1,4,13,93.87,"2005-08-23",3
882,"Tenenbaums Command",7,"Drama",1,4,13,19.88,"2005-08-22",4
762,"Sassy Packer",10,"Games",2,4,13,14.88,"2005-08-22",6
562,"Masked Bubble",12,"Music",1,4,13,17.88,"2005-08-23",6
387,"Gun Bonnie",10,"Games",2,3,13,12.89,"2005-08-22",7
54,"Banger Pinocchio",12,"Music",1,3,13,26.88,"2005-08-21",5
96,"Breaking Home",13,"New",1,3,13,41.90,"2005-08-19",4
11,"Alamo Videotape",9,"Foreign",1,4,13,15.88,"2005-08-22",6
753,"Rush Goodfellas",8,"Family",1,4,13,37.87,"2005-08-22",3
434,"Horror Reign",16,"Travel",1,4,13,39.88,"2005-08-21",3
284,"Enemy Odds",12,"Music",1,3,13,70.89,"2005-08-20",5
748,"Rugrats Shakespeare",1,"Action",1,4,13,30.87,"2005-08-23",4
873,"Sweethearts Suspects",3,"Children",2,4,13,48.87,"2005-08-23",3
705,"Purple Movie",9,"Foreign",1,4,13,52.88,"2005-08-23",4
336,"French Holiday",6,"Documentary",1,3,13,69.88,"2005-08-22",5
936,"Vanishing Rocky",12,"Music",2,4,13,59.88,"2006-02-14",3
554,"Malkovich Pet",4,"Classics",2,3,13,34.89,"2005-08-20",6
554,"Malkovich Pet",4,"Classics",1,4,13,40.88,"2005-08-23",6
814,"Snatch Slipper",5,"Comedy",2,4,13,64.88,"2005-08-23",6
191,"Crooked Frogmen",3,"Children",2,3,13,23.88,"2006-02-14",6
786,"Shepherd Midsummer",3,"Children",2,4,13,14.87,"2005-08-23",7
518,"Liaisons Sweet",16,"Travel",2,4,13,77.87,"2005-08-22",5
736,"Robbery Bright",8,"Family",1,4,13,32.88,"2005-08-21",4
354,"Ghost Groundhog",3,"Children",1,3,13,62.89,"2006-02-14",6
735,"Robbers Joon",3,"Children",1,3,13,36.89,"2005-08-22",7
551,"Maiden Home",13,"New",2,3,13,69.89,"2005-08-23",3
733,"River Outlaw",15,"Sports",1,4,13,36.89,"2006-02-14",4
356,"Giant Troopers",3,"Children",2,4,13,45.88,"2005-08-22",5
449,"Identity Lover",14,"Sci-Fi",2,4,13,56.88,"2005-08-21",4
118,"Canyon Stock",2,"Animation",1,4,13,21.87,"2006-02-14",7
71,"Bilko Anonymous",8,"Family",2,4,13,94.88,"2005-08-23",3
72,"Bill Others",6,"Documentary",1,4,13,43.87,"2005-08-23",6
200,"Curtain Videotape",10,"Games",2,4,13,16.89,"2006-02-14",7
790,"Shootist Superfly",7,"Drama",2,3,13,17.88,"2005-08-21",6
202,"Daddy Pittsburgh",5,"Comedy",1,3,13,63.89,"2005-08-22",5
945,"Virginian Pluto",6,"Documentary",1,4,13,21.88,"2006-02-14",5
204,"Dalmations Sweden",7,"Drama",1,4,13,36.88,"2005-08-21",4
501,"Kissing Dolls",1,"Action",1,3,13,68.90,"2005-08-23",3
617,"Natural Stock",8,"Family",1,3,13,31.88,"2005-08-23",4
616,"National Story",6,"Documentary",2,4,13,53.89,"2005-08-23",4
153,"Citizen Shrek",14,"Sci-Fi",1,4,13,21.87,"2005-08-23",7
828,"Spiking Element",4,"Classics",2,4,13,38.88,"2005-08-22",7
728,"Reunion Witches",7,"Drama",1,3,13,24.89,"2005-08-23",3
209,"Darkness War",7,"Drama",1,4,13,45.88,"2005-08-22",6
415,"High Encino",11,"Horror",1,3,13,62.88,"2005-08-22",3
290,"Everyone Craft",9,"Foreign",1,3,13,22.89,"2005-08-23",4
689,"Pollock Deliverance",9,"Foreign",1,4,13,46.88,"2005-08-22",5
702,"Pulp Beverly",11,"Horror",2,4,13,65.88,"2005-08-21",4
213,"Date Speed",8,"Family",1,4,13,41.88,"2005-08-21",4
723,"Reign Gentlemen",14,"Sci-Fi",1,4,13,70.88,"2005-08-23",3
540,"Lucky Flying",12,"Music",1,3,13,32.90,"2005-08-23",7
116,"Candidate Perdition",4,"Classics",2,4,13,61.88,"2005-08-23",4
115,"Campus Remember",1,"Action",2,4,13,52.89,"2005-08-22",5
803,"Slacker Liaisons",7,"Drama",1,4,13,66.88,"2005-08-23",7
711,"Raging Airplane",14,"Sci-Fi",2,4,13,77.88,"2005-08-23",4
65,"Behavior Runaway",11,"Horror",2,4,13,87.89,"2005-08-22",3
608,"Murder Antitrust",3,"Children",2,4,13,45.87,"2005-08-23",6
604,"Mulan Moon",5,"Comedy",2,3,13,30.89,"2006-02-14",4
254,"Driver Annie",15,"Sports",2,3,13,43.89,"2005-08-21",4
255,"Driving Polish",12,"Music",1,4,13,69.88,"2005-08-22",6
296,"Express Lonely",14,"Sci-Fi",1,4,13,42.88,"2005-08-23",5
948,"Voice Peach",13,"New",2,4,13,17.89,"2005-08-21",6
139,"Chasing Fight",8,"Family",1,4,13,73.88,"2005-08-23",7
922,"Undefeated Dalmations",11,"Horror",2,4,13,61.89,"2005-08-23",7
804,"Sleeping Suspects",11,"Horror",1,4,13,66.88,"2006-02-14",7
986,"Wonka Sea",2,"Animation",1,4,13,49.87,"2005-08-23",6
300,"Falcon Volume",2,"Animation",2,4,13,65.89,"2005-08-23",5
258,"Drums Dynamite",11,"Horror",2,4,13,24.87,"2005-08-22",6
893,"Titans Jerk",14,"Sci-Fi",1,4,13,94.87,"2005-08-22",4
597,"Moonwalker Fool",10,"Games",2,4,13,75.89,"2006-02-14",5
34,"Arabia Dogma",11,"Horror",2,4,13,21.88,"2005-08-20",6
492,"Jungle Closer",13,"New",1,2,13,23.88,"2005-08-19",6
906,"Tramp Others",5,"Comedy",2,3,13,27.89,"2005-08-22",4
147,"Chocolat Harry",8,"Family",1,3,12,29.89,"2005-08-20",5
538,"Loverboy Attacks",13,"New",2,3,12,16.89,"2005-08-21",7
222,"Desert Poseidon",11,"Horror",2,4,12,79.88,"2005-08-23",4
43,"Atlantis Cause",8,"Family",2,4,12,37.90,"2005-08-19",6
813,"Smoochy Control",15,"Sports",2,4,12,14.88,"2006-02-14",7
140,"Cheaper Clyde",14,"Sci-Fi",2,3,12,15.90,"2005-08-22",6
697,"Primary Glass",1,"Action",1,4,12,15.88,"2005-08-21",7
79,"Blade Polish",7,"Drama",2,3,12,12.90,"2006-02-14",5
93,"Brannigan Sunrise",13,"New",2,3,12,56.91,"2005-08-23",4
377,"Grease Youth",8,"Family",1,3,12,15.89,"2005-08-23",7
949,"Volcano Texas",10,"Games",1,4,12,15.89,"2006-02-14",6
879,"Telegraph Voyage",12,"Music",2,3,12,93.89,"2005-08-23",3
138,"Chariots Conspiracy",14,"Sci-Fi",2,3,12,35.89,"2005-08-22",5
933,"Vampire Whale",13,"New",1,3,12,69.89,"2005-08-22",4
234,"Disturbing Scarface",14,"Sci-Fi",2,3,12,35.90,"2005-08-21",6
682,"Pittsburgh Hunchback",8,"Family",1,3,12,83.89,"2005-08-22",4
821,"Sorority Queen",9,"Foreign",2,4,12,19.88,"2005-08-21",6
519,"Liberty Magnificent",15,"Sports",2,4,12,67.89,"2005-08-23",3
931,"Valentine Vanishing",16,"Travel",2,3,12,12.90,"2005-08-19",7
677,"Pianist Outfield",13,"New",2,4,12,27.87,"2006-02-14",6
533,"Lost Bird",9,"Foreign",1,3,12,50.90,"2005-08-21",4
412,"Heavyweights Beast",6,"Documentary",1,4,12,59.89,"2005-08-21",6
930,"Vacation Boondock",14,"Sci-Fi",2,3,12,58.89,"2005-08-22",4
670,"Pelican Comforts",6,"Documentary",2,3,12,77.89,"2005-08-23",4
243,"Doors President",2,"Animation",2,4,12,72.88,"2006-02-14",3
825,"Speakeasy Date",1,"Action",1,3,12,41.89,"2005-08-21",6
244,"Dorado Notting",12,"Music",2,3,12,61.91,"2005-08-19",5
245,"Double Wrath",2,"Animation",1,3,12,30.91,"2005-08-23",4
668,"Peak Forever",15,"Sports",2,3,12,59.89,"2005-08-23",7
249,"Dracula Crystal",4,"Classics",2,4,12,12.89,"2005-08-21",7
928,"Uptown Young",3,"Children",1,3,12,29.90,"2005-08-21",5
1,"Academy Dinosaur",6,"Documentary",1,4,12,18.89,"2005-08-23",6
534,"Louisiana Harry",8,"Family",2,3,12,20.89,"2005-08-23",5
657,"Paradise Sabrina",5,"Comedy",1,4,12,55.88,"2005-08-22",5
49,"Badman Dawn",14,"Sci-Fi",2,3,12,45.88,"2005-08-23",6
132,"Chainsaw Uptown",14,"Sci-Fi",1,4,12,15.89,"2005-08-19",6
26,"Annie Identity",14,"Sci-Fi",2,3,12,29.89,"2005-08-23",3
10,"Aladdin Calendar",15,"Sports",2,3,12,68.88,"2005-08-21",6
944,"Virgin Daisy",7,"Drama",2,3,12,60.89,"2005-08-22",6
59,"Bear Graceland",3,"Children",1,3,12,57.89,"2005-08-23",4
919,"Tycoon Gathering",10,"Games",1,4,12,103.88,"2005-08-23",3
89,"Borrowers Bedazzled",2,"Animation",2,3,12,12.89,"2005-08-23",7
638,"Operation Operation",5,"Comedy",1,4,12,33.89,"2006-02-14",7
413,"Hedwig Alter",5,"Comedy",1,3,12,31.90,"2005-08-23",7
881,"Temple Attraction",11,"Horror",2,4,12,57.90,"2005-08-23",5
506,"Lady Stage",11,"Horror",1,4,12,73.89,"2005-08-21",4
637,"Open African",14,"Sci-Fi",2,3,12,60.89,"2005-08-23",7
88,"Born Spinal",16,"Travel",2,4,12,59.88,"2005-08-23",7
843,"Steel Santa",4,"Classics",2,3,12,67.89,"2005-08-22",4
850,"Story Side",1,"Action",1,3,12,12.89,"2005-08-21",7
3,"Adaptation Holes",6,"Documentary",2,4,12,34.89,"2005-08-23",7
367,"Goldmine Tycoon",14,"Sci-Fi",2,3,12,18.89,"2005-08-22",6
285,"English Bulworth",14,"Sci-Fi",1,3,12,44.90,"2005-08-23",3
460,"Innocent Usual",9,"Foreign",2,4,12,92.88,"2005-08-21",3
619,"Neighbors Charade",15,"Sports",2,4,12,43.88,"2005-08-21",3
461,"Insects Stone",2,"Animation",2,4,12,24.87,"2006-02-14",3
291,"Evolution Alter",15,"Sports",1,4,12,26.88,"2005-08-20",5
614,"Name Detective",10,"Games",2,3,12,58.89,"2006-02-14",5
376,"Grapes Fury",9,"Foreign",1,4,12,36.87,"2006-02-14",4
295,"Expendable Stallion",6,"Documentary",2,4,12,46.88,"2005-08-23",3
602,"Mourning Purple",14,"Sci-Fi",2,3,12,26.89,"2005-08-21",5
857,"Strictly Scarface",5,"Comedy",1,3,12,56.88,"2005-08-19",3
463,"Instinct Airport",15,"Sports",1,3,12,42.89,"2005-08-23",4
43,"Atlantis Cause",8,"Family",1,3,12,37.89,"2005-08-19",6
86,"Boogie Amelie",12,"Music",2,4,12,55.89,"2005-08-22",6
113,"California Birds",15,"Sports",2,4,12,73.89,"2005-08-23",4
305,"Fatal Haunted",13,"New",2,3,12,43.90,"2005-08-22",6
531,"Lose Inch",9,"Foreign",1,4,12,37.88,"2005-08-22",3
465,"Interview Liaisons",13,"New",2,3,12,65.90,"2005-08-22",4
39,"Armageddon Lost",14,"Sci-Fi",2,4,12,23.89,"2006-02-14",5
586,"Mockingbird Hollywood",1,"Action",2,4,12,26.90,"2005-08-22",4
311,"Fiction Christmas",9,"Foreign",2,4,12,38.88,"2005-08-23",4
586,"Mockingbird Hollywood",1,"Action",1,4,12,26.88,"2006-02-14",4
890,"Tights Dawn",15,"Sports",1,3,12,17.90,"2005-08-19",5
585,"Mob Duffel",7,"Drama",2,4,12,27.90,"2005-08-23",4
581,"Minority Kiss",12,"Music",1,3,12,27.89,"2006-02-14",4
315,"Finding Anaconda",8,"Family",2,3,12,26.90,"2005-08-21",4
861,"Suit Walls",10,"Games",2,3,12,69.90,"2006-02-14",3
958,"Wardrobe Phantom",7,"Drama",1,3,12,38.89,"2005-08-19",6
69,"Beverly Outlaw",14,"Sci-Fi",2,4,12,56.88,"2005-08-23",3
863,"Sun Confessions",14,"Sci-Fi",2,3,12,17.90,"2005-08-22",5
576,"Mighty Luck",6,"Documentary",2,3,12,31.90,"2005-08-23",7
323,"Flight Lies",15,"Sports",2,4,12,68.88,"2005-08-21",7
897,"Torque Bound",7,"Drama",2,4,12,88.88,"2006-02-14",3
468,"Invasion Cyclone",3,"Children",2,4,12,46.88,"2005-08-22",5
864,"Sundance Invasion",3,"Children",1,4,12,20.89,"2006-02-14",5
564,"Massage Image",2,"Animation",2,3,12,56.89,"2005-08-21",4
330,"Forrester Comancheros",2,"Animation",2,3,12,67.88,"2006-02-14",7
388,"Gunfight Moon",5,"Comedy",2,3,12,24.89,"2005-08-21",5
977,"Window Side",16,"Travel",2,3,12,50.89,"2006-02-14",3
5,"African Egg",8,"Family",2,3,12,47.89,"2006-02-14",6
776,"Secret Groundhog",6,"Documentary",2,3,12,60.89,"2005-08-18",6
778,"Secrets Paradise",8,"Family",1,4,12,80.89,"2005-08-22",3
766,"Savannah Town",7,"Drama",1,3,12,22.90,"2005-08-22",5
388,"Gunfight Moon",5,"Comedy",1,3,12,21.90,"2006-02-14",5
785,"Shawshank Bubble",16,"Travel",1,4,12,67.88,"2006-02-14",6
159,"Closer Bang",5,"Comedy",2,3,12,62.90,"2005-08-19",5
496,"Kick Savannah",16,"Travel",2,3,12,29.90,"2006-02-14",3
980,"Wizard Coldblooded",12,"Music",1,3,12,70.89,"2005-08-23",4
444,"Hustler Party",5,"Comedy",1,4,12,99.88,"2005-08-23",3
184,"Core Suit",4,"Classics",2,3,12,53.90,"2005-08-23",3
408,"Head Stranger",10,"Games",1,4,12,83.88,"2005-08-23",4
786,"Shepherd Midsummer",3,"Children",1,3,12,13.90,"2005-08-19",7
80,"Blanket Beverly",8,"Family",1,4,12,33.90,"2006-02-14",7
445,"Hyde Doctor",4,"Classics",2,3,12,43.89,"2005-08-23",5
387,"Gun Bonnie",10,"Games",1,3,12,17.90,"2005-08-22",7
15,"Alien Center",9,"Foreign",2,4,12,46.88,"2005-08-23",5
199,"Cupboard Sinners",6,"Documentary",1,4,12,58.89,"2005-08-18",4
471,"Island Exorcist",4,"Classics",1,3,12,31.90,"2005-08-23",7
206,"Dancing Fever",6,"Documentary",1,4,12,25.89,"2005-08-22",6
207,"Dangerous Uptown",9,"Foreign",1,4,12,66.88,"2005-08-23",7
21,"American Circus",1,"Action",2,4,12,92.88,"2006-02-14",3
727,"Resurrection Silverado",8,"Family",2,3,12,12.89,"2005-08-21",6
212,"Darn Forrester",1,"Action",1,3,12,57.89,"2005-08-22",7
344,"Fury Murder",3,"Children",1,3,12,36.90,"2005-08-22",3
720,"Redemption Comforts",13,"New",2,4,12,67.88,"2005-08-21",3
715,"Range Moonwalker",8,"Family",2,3,12,67.89,"2005-08-23",3
345,"Gables Metropolis",8,"Family",1,3,12,33.89,"2005-08-21",3
252,"Dream Pickup",1,"Action",1,3,11,41.90,"2005-08-21",6
1,"Academy Dinosaur",6,"Documentary",2,4,11,14.90,"2005-08-22",6
6,"Agent Truman",9,"Foreign",1,3,11,56.90,"2005-08-20",3
10,"Aladdin Calendar",15,"Sports",1,4,11,62.89,"2005-08-21",6
11,"Alamo Videotape",9,"Foreign",2,3,11,14.90,"2005-08-20",6
12,"Alaska Phantom",12,"Music",1,3,11,12.90,"2005-08-22",6
17,"Alone Trip",12,"Music",2,3,11,36.90,"2005-08-21",3
23,"Anaconda Confessions",2,"Animation",1,3,11,29.90,"2005-08-20",3
35,"Arachnophobia Rollercoaster",11,"Horror",2,3,11,49.89,"2005-08-22",4
37,"Arizona Bang",4,"Classics",1,4,11,56.89,"2005-08-23",3
46,"Autumn Crow",10,"Games",2,3,11,74.90,"2005-08-21",3
56,"Barefoot Manchurian",1,"Action",1,3,11,35.90,"2005-08-23",6
57,"Basic Easy",16,"Travel",1,4,11,43.89,"2005-08-23",4
60,"Beast Hunchback",4,"Classics",1,3,11,69.90,"2005-08-22",3
64,"Beethoven Exorcist",7,"Drama",2,3,11,16.89,"2005-08-20",6
75,"Bird Independence",16,"Travel",2,3,11,53.91,"2005-08-23",6
95,"Breakfast Goldfinger",13,"New",2,3,11,65.90,"2005-08-23",5
97,"Bride Intrigue",1,"Action",1,4,11,13.89,"2005-08-23",7
104,"Bugsy Song",9,"Foreign",2,3,11,45.91,"2005-08-21",4
105,"Bull Shawshank",1,"Action",2,3,11,15.89,"2006-02-14",6
114,"Camelot Vacation",14,"Sci-Fi",2,3,11,38.90,"2005-08-22",3
123,"Casablanca Super",16,"Travel",2,3,11,56.89,"2005-08-23",6
149,"Christmas Moonshine",3,"Children",1,3,11,16.90,"2005-08-22",7
155,"Cleopatra Devil",13,"New",2,3,11,14.91,"2006-02-14",6
158,"Clones Pinocchio",12,"Music",2,3,11,31.90,"2005-08-22",6
160,"Club Graffiti",2,"Animation",2,3,11,27.90,"2006-02-14",4
162,"Clueless Bucket",1,"Action",1,3,11,44.90,"2005-08-23",4
165,"Coldblooded Darling",14,"Sci-Fi",1,3,11,61.89,"2005-08-23",7
167,"Coma Head",16,"Travel",2,3,11,51.90,"2005-08-21",6
170,"Command Darling",9,"Foreign",2,4,11,74.89,"2005-08-22",5
175,"Confused Candles",8,"Family",2,3,11,69.89,"2005-08-20",3
187,"Cranes Reservoir",15,"Sports",2,3,11,33.91,"2005-08-22",5
193,"Crossroads Casualties",2,"Animation",1,4,11,37.90,"2005-08-22",5
199,"Cupboard Sinners",6,"Documentary",2,4,11,44.89,"2005-08-22",4
210,"Darko Dorado",1,"Action",2,3,11,72.90,"2005-08-23",3
215,"Dawn Pond",10,"Games",1,3,11,72.90,"2005-08-23",4
218,"Deceiver Betrayed",7,"Drama",1,4,11,10.90,"2005-08-22",7
227,"Details Packer",10,"Games",1,3,11,67.90,"2006-02-14",4
231,"Dinosaur Secretary",8,"Family",2,4,11,32.90,"2005-08-22",7
242,"Doom Dancing",5,"Comedy",2,3,11,34.90,"2005-08-22",4
250,"Dragon Squad",1,"Action",2,4,11,27.89,"2005-08-23",4
251,"Dragonfly Strangers",13,"New",2,3,11,48.92,"2005-08-20",6
252,"Dream Pickup",1,"Action",2,3,11,31.90,"2005-08-22",6
257,"Drumline Cyclone",16,"Travel",2,3,11,36.90,"2005-08-21",3
266,"Dynamite Tarzan",4,"Classics",1,4,11,30.89,"2005-08-22",4
269,"Earring Instinct",8,"Family",2,4,11,38.89,"2005-08-23",3
273,"Effect Gladiator",8,"Family",2,3,11,14.91,"2005-08-20",6
280,"Empire Malkovich",3,"Children",1,4,11,15.89,"2005-08-20",7
283,"Ending Crowds",13,"New",1,3,11,17.90,"2005-08-21",6
286,"Enough Raging",16,"Travel",2,3,11,32.90,"2005-08-23",7
292,"Excitement Eve",1,"Action",2,3,11,23.89,"2005-08-22",3
298,"Eyes Driving",14,"Sci-Fi",2,3,11,39.90,"2005-08-21",4
302,"Fantasia Park",10,"Games",2,4,11,45.89,"2005-08-23",5
306,"Feathers Metal",10,"Games",1,3,11,31.91,"2005-08-21",3
317,"Fireball Philadelphia",5,"Comedy",1,4,11,30.90,"2005-08-22",4
319,"Fish Opus",14,"Sci-Fi",1,3,11,43.91,"2005-08-23",4
324,"Flintstones Happiness",5,"Comedy",1,3,11,81.89,"2005-08-22",3
342,"Fugitive Maguire",16,"Travel",1,4,11,56.89,"2005-08-23",7
346,"Galaxy Sweethearts",4,"Classics",2,4,11,64.90,"2005-08-22",4
350,"Garden Island",14,"Sci-Fi",2,4,11,60.91,"2005-08-23",3
352,"Gathering Calendar",10,"Games",2,4,11,19.90,"2005-08-22",4
358,"Gilmore Boiled",4,"Classics",2,4,11,19.89,"2005-08-22",5
363,"Go Purple",12,"Music",1,3,11,13.91,"2005-08-23",3
370,"Gorgeous Bingo",3,"Children",1,3,11,55.90,"2005-08-19",4
380,"Greek Everyone",9,"Foreign",2,3,11,35.89,"2005-08-19",7
385,"Groundhog Uncut",5,"Comedy",2,3,11,46.91,"2006-02-14",6
392,"Hall Cassidy",3,"Children",1,4,11,69.89,"2005-08-23",5
412,"Heavyweights Beast",6,"Documentary",2,4,11,63.89,"2005-08-23",6
424,"Holocaust Highball",3,"Children",1,3,11,17.90,"2005-08-22",6
429,"Honey Ties",15,"Sports",2,4,11,27.90,"2005-08-21",3
458,"Indian Love",8,"Family",2,4,11,31.90,"2005-08-23",4
462,"Insider Arizona",12,"Music",2,3,11,31.91,"2006-02-14",5
469,"Iron Moon",4,"Classics",2,3,11,50.90,"2005-08-23",7
473,"Jacket Frisco",7,"Drama",2,3,11,47.90,"2005-08-20",5
483,"Jericho Mulan",10,"Games",1,3,11,63.90,"2005-08-23",3
484,"Jerk Paycheck",4,"Classics",2,3,11,54.90,"2005-08-23",3
500,"Kiss Glory",9,"Foreign",1,4,11,62.90,"2005-08-20",5
500,"Kiss Glory",9,"Foreign",2,4,11,63.89,"2005-08-22",5
509,"Language Cowboy",3,"Children",2,3,11,18.90,"2005-08-19",5
512,"League Hellfighters",4,"Classics",2,4,11,67.89,"2005-08-21",5
521,"Lies Treatment",7,"Drama",2,3,11,56.90,"2005-08-20",7
524,"Lion Uncut",5,"Comedy",2,4,11,23.89,"2005-08-18",6
525,"Loathing Legally",4,"Classics",1,4,11,23.89,"2005-08-22",4
530,"Lord Arizona",1,"Action",1,3,11,39.90,"2006-02-14",5
542,"Lust Lock",1,"Action",1,4,11,52.88,"2006-02-14",3
551,"Maiden Home",13,"New",1,3,11,82.89,"2005-08-23",3
555,"Mallrats United",5,"Comedy",1,3,11,27.90,"2005-08-23",4
556,"Maltese Hope",10,"Games",1,3,11,57.90,"2005-08-22",6
556,"Maltese Hope",10,"Games",2,4,11,60.89,"2005-08-23",6
570,"Mermaid Insects",15,"Sports",2,3,11,63.90,"2005-08-22",5
583,"Mission Zoolander",2,"Animation",1,3,11,70.90,"2005-08-22",3
587,"Mod Secretary",6,"Documentary",1,3,11,48.91,"2005-08-21",6
611,"Musketeers Wait",4,"Classics",1,4,11,52.91,"2005-08-21",7
614,"Name Detective",10,"Games",1,3,11,72.89,"2005-08-23",5
623,"Newton Labyrinth",9,"Foreign",2,3,11,33.90,"2005-08-20",4
627,"North Tequila",6,"Documentary",2,3,11,51.91,"2005-08-23",4
633,"October Submarine",4,"Classics",2,3,11,57.90,"2005-08-23",6
640,"Opus Ice",9,"Foreign",2,3,11,60.90,"2005-08-22",5
644,"Oscar Gold",2,"Animation",1,3,11,38.89,"2005-08-21",7
663,"Patient Sister",4,"Classics",1,3,11,14.89,"2005-08-23",7
666,"Paycheck Wait",7,"Drama",1,3,11,71.89,"2005-08-20",4
681,"Pirates Roxanne",15,"Sports",2,3,11,20.90,"2005-08-22",4
683,"Pity Bound",7,"Drama",2,4,11,59.90,"2005-08-23",5
692,"Potluck Mixed",2,"Animation",2,3,11,43.90,"2005-08-23",3
696,"Pride Alamo",2,"Animation",2,3,11,12.90,"2005-08-22",6
700,"Prix Undefeated",8,"Family",2,3,11,37.90,"2005-08-20",4
710,"Rage Games",8,"Family",1,4,11,68.89,"2005-08-23",4
729,"Rider Caddyshack",15,"Sports",2,4,11,48.89,"2005-08-22",5
746,"Rouge Squad",10,"Games",2,3,11,30.89,"2005-08-23",3
755,"Sabrina Midnight",3,"Children",1,4,11,66.89,"2005-08-21",5
761,"Santa Paris",3,"Children",2,3,11,29.90,"2005-08-23",7
763,"Satisfaction Confidential",15,"Sports",1,3,11,73.90,"2005-08-22",3
782,"Shakespeare Saddle",15,"Sports",1,3,11,34.91,"2005-08-21",6
782,"Shakespeare Saddle",15,"Sports",2,3,11,41.89,"2005-08-22",6
790,"Shootist Superfly",7,"Drama",1,4,11,18.89,"2005-08-23",6
797,"Silence Kane",12,"Music",2,3,11,9.90,"2005-08-22",7
804,"Sleeping Suspects",11,"Horror",2,3,11,54.90,"2005-08-22",7
806,"Sleepy Japanese",13,"New",1,3,11,47.89,"2005-08-22",4
819,"Song Hedwig",12,"Music",1,3,11,31.90,"2006-02-14",3
820,"Sons Interview",2,"Animation",1,4,11,51.89,"2006-02-14",3
823,"South Wait",1,"Action",1,3,11,41.90,"2005-08-21",4
823,"South Wait",1,"Action",2,4,11,60.89,"2006-02-14",4
827,"Spice Sorority",7,"Drama",2,4,11,65.89,"2005-08-23",5
831,"Spirited Casualties",14,"Sci-Fi",1,3,11,18.90,"2005-08-23",5
843,"Steel Santa",4,"Classics",1,4,11,68.89,"2005-08-23",4
846,"Sting Personal",13,"New",2,4,11,85.89,"2005-08-21",3
848,"Stone Fire",16,"Travel",1,3,11,32.90,"2005-08-22",3
851,"Straight Hours",15,"Sports",2,3,11,29.90,"2005-08-22",3
853,"Stranger Strangers",3,"Children",1,3,11,65.90,"2005-08-20",3
856,"Streetcar Intentions",11,"Horror",1,4,11,54.90,"2005-08-23",5
857,"Strictly Scarface",5,"Comedy",2,4,11,56.89,"2005-08-23",3
877,"Taxi Kick",12,"Music",1,3,11,19.89,"2005-08-22",4
880,"Telemark Heartbreakers",2,"Animation",1,4,11,35.89,"2005-08-19",6
886,"Theory Mermaid",2,"Animation",1,4,11,30.88,"2006-02-14",5
888,"Thin Sagebrush",6,"Documentary",1,4,11,73.89,"2005-08-21",5
889,"Ties Hunger",3,"Children",1,3,11,69.91,"2005-08-23",3
899,"Towers Hurricane",4,"Classics",1,3,11,10.91,"2005-08-18",7
901,"Tracy Cider",2,"Animation",2,3,11,39.89,"2005-08-22",3
905,"Trainspotting Strangers",5,"Comedy",1,3,11,46.91,"2005-08-23",7
918,"Twisted Pirates",3,"Children",2,4,11,66.89,"2005-08-23",4
924,"Unforgiven Zoolander",14,"Sci-Fi",2,3,11,13.90,"2005-08-17",7
941,"Videotape Arsenic",10,"Games",2,3,11,55.90,"2005-08-22",4
951,"Voyage Legally",4,"Classics",1,3,11,13.90,"2005-08-23",6
963,"Watch Tracy",2,"Animation",2,3,11,25.90,"2005-08-22",5
967,"Weekend Personal",14,"Sci-Fi",1,3,11,45.89,"2005-08-22",5
970,"Westward Seabiscuit",4,"Classics",1,3,11,16.89,"2005-08-22",7
972,"Whisperer Giant",14,"Sci-Fi",1,3,11,72.90,"2005-08-21",4
972,"Whisperer Giant",14,"Sci-Fi",2,3,11,68.90,"2005-08-23",4
981,"Wolves Desire",16,"Travel",2,3,11,14.89,"2005-08-21",7
999,"Zoolander Fiction",3,"Children",2,3,11,42.91,"2005-08-23",5
422,"Hollow Jeopardy",14,"Sci-Fi",2,2,10,39.92,"2005-08-22",7
420,"Holes Brannigan",15,"Sports",2,3,10,53.90,"2005-08-20",7
571,"Metal Armageddon",6,"Documentary",1,2,10,29.93,"2005-08-20",6
450,"Idols Snatchers",3,"Children",1,3,10,35.91,"2005-08-19",5
537,"Lover Truman",4,"Classics",2,3,10,54.91,"2005-08-21",3
725,"Requiem Tycoon",4,"Classics",1,3,10,58.91,"2005-08-23",6
539,"Luck Opus",7,"Drama",1,2,10,21.93,"2005-08-19",7
737,"Rock Instinct",11,"Horror",2,4,10,30.90,"2005-08-23",4
574,"Midnight Westward",1,"Action",2,3,10,23.90,"2006-02-14",3
654,"Panky Submarine",10,"Games",2,2,10,47.93,"2005-08-17",4
59,"Bear Graceland",3,"Children",2,2,10,35.92,"2005-08-21",4
875,"Talented Homicide",15,"Sports",1,3,10,11.91,"2005-08-23",6
650,"Pacific Amistad",6,"Documentary",1,2,10,19.92,"2005-08-20",3
846,"Sting Personal",13,"New",1,4,10,63.91,"2005-08-23",3
48,"Backlash Undefeated",3,"Children",1,2,10,67.92,"2005-08-21",3
317,"Fireball Philadelphia",5,"Comedy",2,3,10,26.91,"2005-08-22",4
467,"Intrigue Worst",9,"Foreign",1,4,10,17.90,"2006-02-14",6
488,"Joon Northwest",15,"Sports",2,3,10,19.90,"2005-08-22",3
750,"Run Pacific",13,"New",1,3,10,42.91,"2005-08-22",3
91,"Bound Cheaper",4,"Classics",1,4,10,23.90,"2005-08-22",5
522,"Life Twisted",5,"Comedy",2,2,10,37.92,"2005-08-23",4
393,"Halloween Nuts",6,"Documentary",1,2,10,29.92,"2005-08-23",6
949,"Volcano Texas",10,"Games",2,2,10,16.92,"2005-08-19",6
6,"Agent Truman",9,"Foreign",2,3,10,54.91,"2005-08-21",3
57,"Basic Easy",16,"Travel",2,3,10,43.91,"2006-02-14",4
312,"Fiddler Lost",14,"Sci-Fi",2,3,10,64.90,"2005-08-23",4
368,"Gone Trouble",7,"Drama",1,2,10,29.92,"2005-08-22",7
646,"Outbreak Divine",10,"Games",2,2,10,10.93,"2005-08-23",6
181,"Contact Anonymous",16,"Travel",1,3,10,27.91,"2005-08-20",7
26,"Annie Identity",14,"Sci-Fi",1,2,10,20.92,"2005-08-22",3
590,"Money Harold",13,"New",1,3,10,56.90,"2005-08-22",3
590,"Money Harold",13,"New",2,4,10,54.90,"2005-08-20",3
149,"Christmas Moonshine",3,"Children",2,3,10,9.91,"2005-08-22",7
716,"Reap Unfaithful",11,"Horror",2,3,10,35.90,"2005-08-23",6
643,"Orient Closer",7,"Drama",2,3,10,46.90,"2005-08-23",3
439,"Hunchback Impossible",7,"Drama",1,4,10,72.90,"2005-08-23",4
90,"Boulevard Mob",13,"New",1,3,10,25.92,"2006-02-14",3
502,"Knock Warlock",5,"Comedy",2,3,10,48.91,"2005-08-22",4
89,"Borrowers Bedazzled",2,"Animation",1,3,10,12.91,"2005-08-22",7
376,"Grapes Fury",9,"Foreign",2,3,10,19.90,"2005-08-22",4
303,"Fantasy Troopers",1,"Action",2,2,10,12.93,"2005-08-21",6
270,"Earth Vision",13,"New",1,3,10,12.90,"2005-08-23",7
528,"Lolita World",8,"Family",1,3,10,45.91,"2005-08-23",4
375,"Grail Frankenstein",1,"Action",1,2,10,40.92,"2006-02-14",4
467,"Intrigue Worst",9,"Foreign",2,3,10,18.91,"2005-08-22",6
169,"Comforts Rush",16,"Travel",2,2,10,31.92,"2005-08-19",3
636,"Oleander Clue",12,"Music",1,3,10,24.91,"2005-08-22",5
601,"Moulin Wake",16,"Travel",1,3,10,28.90,"2005-08-22",4
989,"Working Microcosmos",16,"Travel",2,2,10,55.92,"2005-08-23",4
20,"Amelie Hellfighters",12,"Music",1,3,10,67.90,"2005-08-23",4
275,"Egypt Tenenbaums",11,"Horror",1,3,10,39.90,"2005-08-22",3
451,"Igby Maker",16,"Travel",2,3,10,47.91,"2006-02-14",7
837,"Stage World",5,"Comedy",2,3,10,46.90,"2005-08-21",4
294,"Expecations Natural",16,"Travel",2,3,10,50.91,"2005-08-20",5
630,"Notting Speakeasy",7,"Drama",2,3,10,12.91,"2005-08-22",7
276,"Element Freddy",5,"Comedy",1,4,10,56.90,"2005-08-23",6
606,"Mummy Creatures",15,"Sports",2,4,10,31.90,"2006-02-14",3
218,"Deceiver Betrayed",7,"Drama",2,3,10,13.90,"2005-08-18",7
608,"Murder Antitrust",3,"Children",1,2,10,32.92,"2005-08-23",6
628,"Northwest Polish",15,"Sports",2,2,10,34.92,"2005-08-23",5
937,"Varsity Trip",13,"New",2,3,10,30.90,"2006-02-14",7
628,"Northwest Polish",15,"Sports",1,3,10,42.90,"2005-08-23",5
834,"Spoilers Hellfighters",6,"Documentary",2,3,10,18.91,"2005-08-23",4
610,"Music Boondock",8,"Family",2,3,10,11.91,"2005-08-23",7
82,"Blood Argonauts",8,"Family",1,2,10,30.93,"2005-08-22",3
29,"Antitrust Tomatoes",1,"Action",1,2,10,27.93,"2005-08-21",5
708,"Quills Bull",6,"Documentary",2,2,10,42.93,"2005-08-20",4
613,"Mystic Truman",5,"Comedy",1,2,10,17.92,"2005-08-23",5
402,"Harper Dying",2,"Animation",2,3,10,36.90,"2005-08-21",3
292,"Excitement Eve",1,"Action",1,3,10,37.91,"2005-08-21",3
79,"Blade Polish",7,"Drama",1,3,10,16.91,"2005-08-22",5
932,"Valley Packer",5,"Comedy",1,2,10,21.93,"2005-08-22",3
279,"Elizabeth Shane",15,"Sports",1,2,10,36.93,"2005-08-21",7
280,"Empire Malkovich",3,"Children",2,2,10,10.92,"2005-08-20",7
402,"Harper Dying",2,"Animation",1,3,10,40.90,"2005-08-23",3
186,"Craft Outfield",7,"Drama",1,2,10,11.92,"2005-08-21",6
747,"Roxanne Rebel",10,"Games",2,3,10,13.90,"2005-08-22",5
77,"Birds Perdition",13,"New",1,4,10,60.90,"2005-08-23",5
193,"Crossroads Casualties",2,"Animation",2,4,10,36.90,"2005-08-23",5
806,"Sleepy Japanese",13,"New",2,2,10,28.94,"2006-02-14",4
282,"Encounters Curtain",7,"Drama",1,3,10,19.91,"2005-08-23",5
444,"Hustler Party",5,"Comedy",2,4,10,90.90,"2005-08-22",3
892,"Titanic Boondock",2,"Animation",1,3,10,64.90,"2006-02-14",3
975,"Willow Tracy",8,"Family",2,3,10,32.91,"2005-08-23",6
21,"American Circus",1,"Action",1,2,10,53.93,"2005-08-23",3
121,"Carol Texas",2,"Animation",2,3,10,36.91,"2005-08-22",4
810,"Slums Duck",8,"Family",2,3,10,22.91,"2005-08-22",5
811,"Smile Earring",16,"Travel",1,3,10,58.90,"2005-08-19",4
812,"Smoking Barbarella",6,"Documentary",1,3,10,8.91,"2005-08-22",7
693,"Potter Connecticut",2,"Animation",1,2,10,32.92,"2005-08-22",5
141,"Chicago North",10,"Games",1,3,10,52.91,"2005-08-21",6
744,"Roots Remember",4,"Classics",2,3,10,22.91,"2005-08-23",4
691,"Poseidon Forever",15,"Sports",1,3,10,56.90,"2005-08-21",6
189,"Creatures Shakespeare",10,"Games",2,4,10,30.90,"2005-08-21",3
543,"Madigan Dorado",16,"Travel",1,2,10,48.92,"2005-08-23",5
439,"Hunchback Impossible",7,"Drama",2,2,10,42.93,"2006-02-14",4
991,"Worst Banger",1,"Action",2,3,10,46.91,"2005-08-23",4
740,"Rollercoaster Bringing",11,"Horror",2,3,10,39.91,"2005-08-23",5
135,"Chance Resurrection",15,"Sports",1,3,10,43.91,"2005-08-23",3
981,"Wolves Desire",16,"Travel",1,3,10,9.90,"2005-08-21",7
4,"Affair Prejudice",11,"Horror",2,3,10,33.91,"2006-02-14",5
191,"Crooked Frogmen",3,"Children",1,3,10,14.91,"2005-08-20",6
687,"Pocus Pulp",6,"Documentary",1,3,10,16.90,"2005-08-23",6
23,"Anaconda Confessions",2,"Animation",2,2,10,21.92,"2005-08-17",3
681,"Pirates Roxanne",15,"Sports",1,3,10,24.91,"2006-02-14",4
15,"Alien Center",9,"Foreign",1,2,10,37.92,"2005-08-23",5
410,"Heaven Freedom",5,"Comedy",2,2,10,24.93,"2005-08-23",7
99,"Bringing Hysterical",5,"Comedy",2,3,10,31.91,"2005-08-22",7
436,"Hours Rage",13,"New",2,3,10,16.90,"2005-08-21",4
408,"Head Stranger",10,"Games",2,3,10,58.91,"2005-08-22",4
99,"Bringing Hysterical",5,"Comedy",1,3,10,36.90,"2005-08-23",7
482,"Jeopardy Encino",4,"Classics",1,3,10,28.90,"2005-08-20",3
242,"Doom Dancing",5,"Comedy",1,2,10,23.93,"2005-08-20",4
349,"Gangs Pride",2,"Animation",2,3,10,34.91,"2005-08-22",4
414,"Hellfighters Sierra",9,"Foreign",1,3,10,44.91,"2005-08-23",3
780,"Sensibility Rear",8,"Family",2,3,10,52.90,"2005-08-21",7
960,"Wars Pluto",6,"Documentary",2,3,10,42.90,"2005-08-22",5
339,"Frogmen Breaking",16,"Travel",2,3,10,16.90,"2005-08-19",5
868,"Superfly Trip",16,"Travel",1,3,10,16.91,"2005-08-18",5
553,"Maker Gables",3,"Children",2,3,10,32.90,"2005-08-23",4
414,"Hellfighters Sierra",9,"Foreign",2,3,10,47.90,"2005-08-23",3
952,"Wagon Jaws",6,"Documentary",1,3,10,33.91,"2005-08-21",7
172,"Coneheads Smoochy",7,"Drama",2,3,10,52.90,"2005-08-23",7
859,"Sugar Wonka",2,"Animation",2,3,10,50.92,"2005-08-22",3
37,"Arizona Bang",4,"Classics",2,3,10,47.90,"2005-08-22",3
478,"Jaws Harry",5,"Comedy",2,3,10,44.91,"2005-08-21",4
902,"Trading Pinocchio",15,"Sports",2,3,10,47.91,"2006-02-14",6
672,"Perfect Groove",5,"Comedy",2,4,10,32.90,"2005-08-22",7
66,"Beneath Rush",3,"Children",1,3,10,16.90,"2005-08-20",6
443,"Hurricane Affair",5,"Comedy",1,3,10,34.90,"2005-08-20",6
246,"Doubtfire Labyrinth",9,"Foreign",2,3,10,52.91,"2005-08-21",5
560,"Mars Roman",10,"Games",1,3,10,16.91,"2005-08-18",6
409,"Heartbreakers Bright",3,"Children",2,3,10,69.90,"2005-08-21",3
731,"Right Cranes",4,"Classics",2,3,10,52.90,"2005-08-21",7
247,"Downhill Enough",5,"Comedy",1,3,10,25.91,"2005-08-23",3
755,"Sabrina Midnight",3,"Children",2,3,10,59.90,"2005-08-21",5
912,"Trojan Tomorrow",14,"Sci-Fi",2,3,10,47.90,"2006-02-14",3
409,"Heartbreakers Bright",3,"Children",1,4,10,62.90,"2005-08-23",3
157,"Clockwork Paradise",3,"Children",2,3,10,11.90,"2005-08-23",7
477,"Jawbreaker Brooklyn",12,"Music",2,3,10,10.91,"2005-08-21",5
665,"Patton Interview",11,"Horror",1,4,10,41.90,"2005-08-23",4
508,"Lambs Cincinatti",10,"Games",2,3,10,57.90,"2005-08-22",6
417,"Hills Neighbors",1,"Action",2,2,10,28.92,"2005-08-21",5
726,"Reservoir Adaptation",9,"Foreign",2,3,10,29.91,"2005-08-23",7
464,"Intentions Empire",2,"Animation",1,4,10,47.90,"2006-02-14",3
479,"Jedi Beneath",8,"Family",2,3,10,10.90,"2005-08-21",7
183,"Conversation Downhill",8,"Family",1,3,9,60.91,"2005-08-23",4
440,"Hunger Roof",9,"Foreign",2,2,9,11.92,"2006-02-14",6
855,"Streak Ridgemont",6,"Documentary",1,2,9,9.93,"2006-02-14",7
768,"Scarface Bang",3,"Children",1,3,9,50.92,"2006-02-14",3
768,"Scarface Bang",3,"Children",2,3,9,55.92,"2005-08-21",3
851,"Straight Hours",15,"Sports",1,3,9,25.91,"2005-08-19",3
771,"Scorpion Apollo",7,"Drama",1,3,9,63.92,"2005-08-23",3
120,"Caribbean Liberty",15,"Sports",1,3,9,66.92,"2005-08-23",3
772,"Sea Virgin",7,"Drama",2,2,9,33.92,"2005-08-21",4
350,"Garden Island",14,"Sci-Fi",1,4,9,73.91,"2005-08-23",3
166,"Color Philadelphia",4,"Classics",2,2,9,31.92,"2005-08-21",6
775,"Seattle Expecations",7,"Drama",2,2,9,53.91,"2006-02-14",4
776,"Secret Groundhog",6,"Documentary",1,2,9,44.92,"2005-08-22",6
777,"Secretary Rouge",15,"Sports",1,3,9,54.91,"2005-08-22",5
777,"Secretary Rouge",15,"Sports",2,3,9,57.91,"2005-08-22",5
13,"Ali Forever",11,"Horror",2,4,9,54.91,"2006-02-14",4
18,"Alter Victory",2,"Animation",2,3,9,12.91,"2005-08-22",6
978,"Wisdom Worker",5,"Comedy",1,3,9,29.91,"2005-08-21",3
479,"Jedi Beneath",8,"Family",1,2,9,9.92,"2005-08-20",7
154,"Clash Freddy",2,"Animation",1,3,9,31.91,"2005-08-21",6
481,"Jekyll Frogmen",13,"New",1,3,9,41.92,"2005-08-23",4
842,"State Wasteland",10,"Games",1,2,9,35.93,"2006-02-14",4
126,"Casualties Encino",1,"Action",2,3,9,61.92,"2005-08-21",3
438,"Human Graffiti",10,"Games",2,3,9,43.91,"2005-08-22",3
132,"Chainsaw Uptown",14,"Sci-Fi",2,2,9,15.92,"2005-08-23",6
984,"Wonderful Drop",9,"Foreign",1,2,9,46.92,"2005-08-22",3
983,"Won Dares",12,"Music",1,3,9,28.91,"2005-08-23",7
827,"Spice Sorority",7,"Drama",1,2,9,40.92,"2005-08-22",5
826,"Speed Suit",16,"Travel",2,2,9,44.92,"2005-08-20",7
814,"Snatch Slipper",5,"Comedy",1,3,9,52.92,"2005-08-20",6
815,"Snatchers Montezuma",4,"Classics",1,3,9,37.91,"2005-08-23",4
816,"Snowman Rollercoaster",2,"Animation",2,3,9,22.92,"2005-08-23",3
138,"Chariots Conspiracy",14,"Sci-Fi",1,2,9,29.92,"2005-08-21",5
824,"Spartacus Cheaper",8,"Family",2,4,9,60.91,"2005-08-21",4
544,"Madison Trap",6,"Documentary",2,2,9,30.93,"2005-08-21",4
436,"Hours Rage",13,"New",1,3,9,27.92,"2005-08-22",4
435,"Hotel Happiness",9,"Foreign",1,2,9,41.92,"2005-08-22",6
550,"Maguire Apache",8,"Family",1,3,9,33.91,"2005-08-22",6
338,"Frisco Forrest",14,"Sci-Fi",2,3,9,53.91,"2006-02-14",6
432,"Hope Tootsie",4,"Classics",2,2,9,41.92,"2005-08-22",4
432,"Hope Tootsie",4,"Classics",1,3,9,30.91,"2005-08-22",4
30,"Anything Savannah",11,"Horror",1,2,9,43.92,"2005-08-22",4
415,"High Encino",11,"Horror",2,3,9,54.91,"2005-08-22",3
560,"Mars Roman",10,"Games",2,2,9,13.92,"2005-08-22",6
333,"Freaky Pocus",12,"Music",2,2,9,20.93,"2005-08-19",7
484,"Jerk Paycheck",4,"Classics",1,4,9,49.91,"2005-08-20",3
329,"Forrest Sons",1,"Action",2,3,9,39.92,"2005-08-23",4
329,"Forrest Sons",1,"Action",1,3,9,43.91,"2005-08-21",4
565,"Matrix Snowman",9,"Foreign",1,2,9,40.92,"2005-08-21",6
425,"Holy Tadpole",4,"Classics",2,2,9,17.92,"2005-08-20",6
391,"Half Outfield",8,"Family",2,3,9,23.93,"2005-08-21",6
572,"Metropolis Coma",14,"Sci-Fi",1,4,9,51.91,"2005-08-22",4
44,"Attacks Hate",14,"Sci-Fi",2,3,9,62.91,"2005-08-23",5
45,"Attraction Newton",13,"New",2,2,9,50.92,"2005-08-20",5
383,"Groove Fiction",15,"Sports",1,3,9,24.91,"2005-08-19",6
462,"Insider Arizona",12,"Music",1,2,9,29.92,"2006-02-14",5
381,"Grinch Massage",10,"Games",2,3,9,50.91,"2005-08-22",7
942,"Vietnam Smoochy",7,"Drama",2,2,9,11.92,"2005-08-20",7
314,"Fight Jawbreaker",2,"Animation",1,2,9,21.92,"2006-02-14",3
582,"Miracle Virtual",2,"Animation",2,2,9,41.92,"2005-08-18",3
48,"Backlash Undefeated",3,"Children",2,2,9,72.92,"2005-08-23",3
591,"Monsoon Cause",10,"Games",2,3,9,54.91,"2005-08-19",6
377,"Grease Youth",8,"Family",2,3,9,11.91,"2005-08-23",7
308,"Ferris Mother",5,"Comedy",2,2,9,32.92,"2005-08-22",3
594,"Montezuma Command",1,"Action",1,3,9,11.91,"2005-08-23",6
304,"Fargo Gandhi",3,"Children",2,2,9,45.92,"2005-08-21",3
300,"Falcon Volume",2,"Animation",1,2,9,40.92,"2006-02-14",5
600,"Motions Details",11,"Horror",1,2,9,12.92,"2005-08-21",5
940,"Victory Academy",15,"Sports",1,3,9,12.91,"2005-08-22",6
602,"Mourning Purple",14,"Sci-Fi",1,2,9,12.92,"2005-08-22",5
603,"Movie Shakespeare",8,"Family",2,2,9,36.94,"2006-02-14",6
49,"Badman Dawn",14,"Sci-Fi",1,3,9,30.91,"2005-08-23",6
610,"Music Boondock",8,"Family",1,2,9,8.92,"2005-08-18",7
964,"Waterfront Deliverance",1,"Action",2,2,9,61.92,"2005-08-20",4
934,"Vanilla Day",10,"Games",2,3,9,52.91,"2005-08-21",7
373,"Graduate Lord",3,"Children",1,3,9,24.92,"2005-08-22",7
454,"Impact Aladdin",12,"Music",1,2,9,18.92,"2005-08-18",6
499,"King Evolution",8,"Family",1,2,9,59.92,"2005-08-21",3
51,"Balloon Homeward",12,"Music",1,2,9,33.92,"2005-08-22",5
620,"Nemo Campus",14,"Sci-Fi",2,3,9,42.91,"2005-08-19",5
282,"Encounters Curtain",7,"Drama",2,3,9,18.91,"2005-08-22",5
453,"Image Princess",15,"Sports",1,3,9,49.91,"2005-08-21",3
624,"Nightmare Chill",10,"Games",1,3,9,61.92,"2005-08-23",3
930,"Vacation Boondock",14,"Sci-Fi",1,3,9,30.92,"2005-08-23",4
54,"Banger Pinocchio",12,"Music",2,2,9,13.92,"2005-08-23",5
632,"Nuts Ties",13,"New",1,3,9,53.91,"2005-08-23",5
637,"Open African",14,"Sci-Fi",1,2,9,42.92,"2005-08-22",7
271,"Easy Gladiator",1,"Action",2,2,9,51.92,"2005-08-21",5
39,"Armageddon Lost",14,"Sci-Fi",1,3,9,17.91,"2005-08-20",5
925,"United Pilot",6,"Documentary",1,3,9,20.93,"2005-08-21",3
503,"Kramer Chocolate",15,"Sports",1,3,9,47.91,"2005-08-22",3
264,"Dwarfs Alter",10,"Games",2,2,9,28.92,"2006-02-14",6
645,"Others Soup",16,"Travel",2,3,9,29.92,"2005-08-20",7
504,"Kwai Homeward",7,"Drama",2,2,9,12.93,"2005-08-21",5
648,"Outlaw Hanky",16,"Travel",1,4,9,46.91,"2006-02-14",7
256,"Drop Waterfront",15,"Sports",2,3,9,43.92,"2005-08-22",6
451,"Igby Maker",16,"Travel",1,2,9,41.92,"2005-08-22",7
253,"Drifter Commandments",1,"Action",2,2,9,47.92,"2006-02-14",5
916,"Turn Star",2,"Animation",1,2,9,33.93,"2005-08-22",3
448,"Idaho Love",13,"New",2,3,9,32.92,"2005-08-20",3
915,"Truman Crazy",1,"Action",2,2,9,39.92,"2005-08-22",7
249,"Dracula Crystal",4,"Classics",1,2,9,9.92,"2005-08-23",7
913,"Troopers Metal",13,"New",1,4,9,36.91,"2005-08-22",3
664,"Patriot Roman",1,"Action",2,3,9,29.91,"2005-08-22",6
998,"Zhivago Core",11,"Horror",2,2,9,10.93,"2006-02-14",6
912,"Trojan Tomorrow",14,"Sci-Fi",1,3,9,27.92,"2005-08-22",3
908,"Trap Guys",9,"Foreign",2,2,9,60.92,"2005-08-22",3
7,"Airplane Sierra",5,"Comedy",2,3,9,44.91,"2005-08-21",6
677,"Pianist Outfield",13,"New",1,3,9,10.91,"2005-08-23",6
240,"Dolls Rage",14,"Sci-Fi",2,3,9,27.92,"2005-08-22",7
466,"Intolerable Intentions",6,"Documentary",1,2,9,39.93,"2005-08-19",6
515,"Legally Secretary",3,"Children",2,2,9,39.92,"2005-08-22",7
685,"Platoon Instinct",13,"New",2,2,9,40.92,"2005-08-21",6
516,"Legend Jedi",12,"Music",2,3,9,12.92,"2005-08-21",7
231,"Dinosaur Secretary",8,"Family",1,4,9,34.91,"2005-08-23",7
230,"Diary Panic",7,"Drama",1,2,9,24.92,"2005-08-20",7
229,"Devil Desire",1,"Action",2,2,9,47.92,"2005-08-23",6
476,"Jason Trap",8,"Family",1,3,9,35.91,"2006-02-14",5
69,"Beverly Outlaw",14,"Sci-Fi",1,4,9,58.91,"2005-08-23",3
518,"Liaisons Sweet",16,"Travel",1,2,9,48.92,"2005-08-17",5
70,"Bikini Borrowers",2,"Animation",2,2,9,39.93,"2005-08-21",7
363,"Go Purple",12,"Music",2,3,9,29.92,"2005-08-23",3
226,"Destiny Saturday",13,"New",2,3,9,59.91,"2005-08-18",4
383,"Groove Fiction",15,"Sports",2,2,9,15.92,"2005-08-21",6
76,"Birdcage Casper",12,"Music",1,3,9,23.91,"2005-08-20",4
714,"Random Go",14,"Sci-Fi",2,3,9,31.91,"2005-08-20",6
216,"Day Unfaithful",13,"New",2,3,9,54.93,"2006-02-14",3
717,"Rear Trading",1,"Action",2,2,9,14.92,"2005-08-22",6
721,"Reds Pocus",12,"Music",1,2,9,47.92,"2005-08-23",7
214,"Daughter Madigan",3,"Children",2,4,9,69.91,"2005-08-23",3
725,"Requiem Tycoon",4,"Classics",2,3,9,46.91,"2005-08-19",6
727,"Resurrection Silverado",8,"Family",1,2,9,11.92,"2005-08-22",6
211,"Darling Breaking",10,"Games",1,2,9,44.92,"2005-08-21",7
208,"Dares Pluto",2,"Animation",1,3,9,26.92,"2005-08-18",7
871,"Sweden Shining",5,"Comedy",2,3,9,51.92,"2005-08-20",6
871,"Sweden Shining",5,"Comedy",1,2,9,49.91,"2006-02-14",6
870,"Swarm Gold",11,"Horror",1,4,9,20.91,"2005-08-23",4
357,"Gilbert Pelican",4,"Classics",2,4,9,17.91,"2005-08-23",7
101,"Brotherhood Blanket",6,"Documentary",2,2,9,33.92,"2005-08-22",3
390,"Guys Falcon",14,"Sci-Fi",1,3,9,52.92,"2005-08-22",4
188,"Crazy Home",5,"Comedy",1,3,9,26.91,"2005-08-22",7
862,"Summer Scarface",4,"Classics",1,3,9,16.92,"2006-02-14",5
355,"Ghostbusters Elf",2,"Animation",2,2,9,8.93,"2005-08-23",7
861,"Suit Walls",10,"Games",1,3,9,64.91,"2006-02-14",3
747,"Roxanne Rebel",10,"Games",1,2,9,15.93,"2005-08-23",5
749,"Rules Human",11,"Horror",1,2,9,42.93,"2005-08-22",6
757,"Sagebrush Clueless",6,"Documentary",1,3,9,47.93,"2005-08-23",4
158,"Clones Pinocchio",12,"Music",1,2,8,27.93,"2005-08-22",6
566,"Maude Mod",9,"Foreign",1,2,8,10.93,"2005-08-19",6
384,"Grosse Wonderful",12,"Music",2,3,8,46.92,"2005-08-21",5
987,"Words Hunter",12,"Music",2,2,8,30.93,"2005-08-22",3
429,"Honey Ties",15,"Sports",1,2,8,31.94,"2005-08-23",3
667,"Peach Innocent",15,"Sports",1,2,8,38.93,"2005-08-22",3
160,"Club Graffiti",2,"Animation",1,2,8,10.92,"2006-02-14",4
668,"Peak Forever",15,"Sports",1,2,8,34.93,"2005-08-19",7
333,"Freaky Pocus",12,"Music",1,2,8,22.93,"2005-08-22",7
197,"Crusade Honey",15,"Sports",1,2,8,44.93,"2005-08-23",4
334,"Freddy Storm",11,"Horror",1,2,8,39.93,"2005-08-23",6
447,"Ice Crossing",10,"Games",2,3,8,34.92,"2005-08-21",5
431,"Hoosiers Birdcage",9,"Foreign",2,3,8,41.92,"2005-08-18",3
446,"Hysterical Grail",15,"Sports",2,2,8,45.92,"2005-08-21",5
465,"Interview Liaisons",13,"New",1,2,8,44.92,"2005-08-21",4
673,"Personal Ladybugs",12,"Music",1,2,8,22.93,"2005-08-22",3
122,"Carrie Bunch",11,"Horror",2,3,8,11.92,"2005-08-22",7
674,"Pet Haunting",9,"Foreign",1,3,8,26.92,"2005-08-22",3
557,"Manchurian Curtain",8,"Family",1,2,8,31.93,"2005-08-23",5
961,"Wash Heavenly",9,"Foreign",2,2,8,40.92,"2005-08-21",7
548,"Magnificent Chitty",4,"Classics",1,2,8,54.92,"2005-08-19",3
784,"Shanghai Tycoon",16,"Travel",1,3,8,25.92,"2005-08-21",7
976,"Wind Phantom",10,"Games",1,2,8,15.93,"2005-08-18",6
778,"Secrets Paradise",8,"Family",2,2,8,58.93,"2005-08-21",3
679,"Pilot Hoosiers",8,"Family",1,2,8,23.93,"2005-08-20",6
679,"Pilot Hoosiers",8,"Family",2,2,8,27.93,"2005-08-18",6
9,"Alabama Devil",11,"Horror",1,3,8,43.92,"2005-08-23",3
481,"Jekyll Frogmen",13,"New",2,3,8,36.92,"2005-08-19",4
982,"Women Dorado",1,"Action",1,3,8,11.93,"2006-02-14",4
822,"Soup Wisdom",8,"Family",2,2,8,11.93,"2005-08-20",6
235,"Divide Monster",14,"Sci-Fi",1,2,8,23.92,"2005-08-20",6
68,"Betrayed Rear",3,"Children",2,2,8,42.93,"2005-08-20",5
365,"Gold River",5,"Comedy",1,2,8,54.92,"2005-08-21",4
410,"Heaven Freedom",5,"Comedy",1,3,8,24.92,"2005-08-23",7
163,"Clyde Theory",13,"New",2,3,8,23.92,"2005-08-23",4
121,"Carol Texas",2,"Animation",1,3,8,42.92,"2005-08-23",4
136,"Chaplin License",13,"New",1,3,8,23.92,"2005-08-20",7
232,"Dirty Ace",10,"Games",1,3,8,27.92,"2005-08-21",7
354,"Ghost Groundhog",3,"Children",2,2,8,44.92,"2005-08-19",6
852,"Strangelove Desire",3,"Children",2,3,8,25.92,"2005-08-21",4
817,"Soldiers Evolution",14,"Sci-Fi",1,2,8,36.93,"2005-08-20",7
987,"Words Hunter",12,"Music",1,2,8,42.93,"2005-08-20",3
898,"Tourist Pelican",15,"Sports",2,2,8,48.93,"2005-08-21",4
140,"Cheaper Clyde",14,"Sci-Fi",1,2,8,14.93,"2005-08-22",6
173,"Confessions Maguire",7,"Drama",2,2,8,36.93,"2005-08-22",7
739,"Rocky War",7,"Drama",1,2,8,48.93,"2005-08-22",4
812,"Smoking Barbarella",6,"Documentary",2,3,8,8.93,"2006-02-14",7
739,"Rocky War",7,"Drama",2,3,8,39.94,"2005-08-22",4
70,"Bikini Borrowers",2,"Animation",1,2,8,39.93,"2005-08-22",7
117,"Candles Grapes",10,"Games",2,2,8,40.93,"2005-08-22",6
364,"Godfather Diary",13,"New",1,3,8,37.92,"2005-08-22",3
896,"Tootsie Pilot",3,"Children",1,2,8,16.94,"2005-08-19",3
351,"Gaslight Crusade",11,"Horror",1,3,8,31.92,"2005-08-23",4
228,"Detective Vision",4,"Classics",1,3,8,24.92,"2005-08-22",4
227,"Details Packer",10,"Games",2,2,8,60.92,"2005-08-20",4
741,"Roman Punk",12,"Music",2,2,8,10.93,"2005-08-18",7
760,"Samurai Lion",13,"New",1,3,8,33.92,"2005-08-21",5
895,"Tomorrow Hustler",4,"Classics",2,3,8,37.92,"2005-08-23",3
142,"Chicken Hellfighters",6,"Documentary",2,2,8,16.93,"2005-08-22",3
866,"Sunset Racer",8,"Family",2,2,8,11.93,"2005-08-23",6
225,"Destination Jerk",7,"Drama",1,3,8,31.92,"2005-08-21",3
807,"Sleuth Orient",10,"Games",2,2,8,17.93,"2005-08-22",4
703,"Punk Divorce",2,"Animation",2,2,8,41.93,"2005-08-20",6
704,"Pure Runner",5,"Comedy",1,2,8,37.93,"2006-02-14",3
704,"Pure Runner",5,"Comedy",2,3,8,51.92,"2005-08-20",3
223,"Desire Alien",2,"Animation",2,2,8,25.92,"2005-08-22",7
143,"Chill Luck",7,"Drama",2,3,8,10.92,"2005-08-23",6
957,"War Notting",9,"Foreign",1,3,8,44.92,"2005-08-23",7
133,"Chamber Italian",12,"Music",2,2,8,45.92,"2005-08-20",7
77,"Birds Perdition",13,"New",2,2,8,41.93,"2005-08-20",5
146,"Chitty Lock",7,"Drama",1,3,8,28.92,"2006-02-14",6
833,"Splendor Patton",3,"Children",1,3,8,15.92,"2005-08-23",5
147,"Chocolat Harry",8,"Family",2,3,8,19.92,"2005-08-20",5
130,"Celebrity Horn",1,"Action",1,2,8,11.93,"2005-08-20",7
800,"Sinners Atlantis",11,"Horror",1,2,8,24.93,"2005-08-21",7
710,"Rage Games",8,"Family",2,2,8,50.92,"2005-08-21",4
990,"World Leathernecks",11,"Horror",2,2,8,24.92,"2006-02-14",3
83,"Blues Instinct",8,"Family",2,2,8,26.94,"2005-08-23",5
838,"Stagecoach Armageddon",1,"Action",1,2,8,38.93,"2005-08-19",5
865,"Sunrise League",2,"Animation",2,2,8,45.93,"2005-08-18",3
751,"Runaway Tenenbaums",13,"New",2,2,8,11.93,"2005-08-21",6
16,"Alley Evolution",9,"Foreign",2,2,8,22.93,"2005-08-18",6
841,"Star Operation",15,"Sports",1,3,8,31.92,"2006-02-14",5
796,"Sierra Divide",15,"Sports",1,2,8,26.92,"2005-08-19",3
52,"Ballroom Mockingbird",9,"Foreign",2,2,8,9.93,"2005-08-22",6
966,"Wedding Apollo",6,"Documentary",1,2,8,18.93,"2006-02-14",3
717,"Rear Trading",1,"Action",1,2,8,12.93,"2005-08-18",6
351,"Gaslight Crusade",11,"Horror",2,3,8,30.92,"2005-08-22",4
287,"Entrapment Satisfaction",1,"Action",2,2,8,17.93,"2005-08-23",5
288,"Escape Metropolis",16,"Travel",1,2,8,26.92,"2005-08-20",7
50,"Baked Cleopatra",8,"Family",2,2,8,36.93,"2005-08-23",3
50,"Baked Cleopatra",8,"Family",1,3,8,39.92,"2006-02-14",3
496,"Kick Savannah",16,"Travel",1,2,8,18.93,"2005-08-23",3
294,"Expecations Natural",16,"Travel",1,2,8,50.92,"2005-08-22",5
938,"Velvet Terminator",5,"Comedy",2,2,8,49.92,"2005-08-19",3
401,"Harold French",7,"Drama",1,2,8,8.93,"2005-08-21",6
939,"Vertigo Northwest",5,"Comedy",2,4,8,37.92,"2005-08-23",4
718,"Rebel Airport",12,"Music",2,2,8,6.93,"2005-08-23",7
719,"Records Zorro",15,"Sports",1,2,8,38.93,"2005-08-23",7
926,"Untouchables Sunrise",6,"Documentary",2,2,8,28.93,"2005-08-20",5
298,"Eyes Driving",14,"Sci-Fi",1,2,8,28.94,"2005-08-21",4
925,"United Pilot",6,"Documentary",2,2,8,22.92,"2005-08-21",3
494,"Karate Moon",11,"Horror",2,2,8,16.93,"2005-08-23",4
720,"Redemption Comforts",13,"New",1,3,8,45.92,"2005-08-23",3
274,"Egg Igby",6,"Documentary",1,3,8,39.92,"2005-08-22",4
124,"Casper Dragonfly",3,"Children",2,3,8,45.93,"2005-08-21",3
302,"Fantasia Park",10,"Games",1,2,8,27.92,"2005-08-23",5
269,"Earring Instinct",8,"Family",1,2,8,21.94,"2005-08-20",3
752,"Runner Madigan",12,"Music",2,3,8,14.92,"2005-08-19",6
371,"Gosford Donnie",1,"Action",1,3,8,48.92,"2005-08-22",5
308,"Ferris Mother",5,"Comedy",1,2,8,37.93,"2005-08-22",3
90,"Boulevard Mob",13,"New",2,3,8,30.92,"2005-08-22",3
844,"Steers Armageddon",15,"Sports",1,2,8,42.92,"2005-08-21",6
592,"Monster Spartacus",12,"Music",2,2,8,29.92,"2006-02-14",6
309,"Feud Frogmen",8,"Family",1,2,8,12.93,"2005-08-20",6
923,"Unfaithful Kill",7,"Drama",2,3,8,26.92,"2005-08-22",7
988,"Worker Tarzan",16,"Travel",1,3,8,25.93,"2005-08-22",7
523,"Lights Deer",4,"Classics",1,2,8,7.93,"2005-08-18",7
922,"Undefeated Dalmations",11,"Horror",1,3,8,40.92,"2005-08-23",7
964,"Waterfront Deliverance",1,"Action",1,3,8,54.92,"2005-08-21",4
370,"Gorgeous Bingo",3,"Children",2,2,8,38.93,"2006-02-14",4
876,"Tarzan Videotape",11,"Horror",1,2,8,40.92,"2005-08-22",3
480,"Jeepers Wedding",4,"Classics",2,2,8,30.94,"2005-08-23",3
921,"Uncut Suicides",12,"Music",2,2,8,24.93,"2005-08-23",7
491,"Jumping Wrath",3,"Children",1,2,8,20.93,"2005-08-21",4
490,"Jumanji Blade",13,"New",1,2,8,30.92,"2005-08-19",4
320,"Flamingos Connecticut",13,"New",1,3,8,46.92,"2005-08-22",4
480,"Jeepers Wedding",4,"Classics",1,2,8,39.93,"2005-08-21",3
366,"Goldfinger Sensibility",7,"Drama",2,3,8,22.92,"2005-08-20",3
255,"Driving Polish",12,"Music",2,2,8,35.93,"2005-08-20",6
47,"Baby Hall",9,"Foreign",2,2,8,40.93,"2005-08-22",5
183,"Conversation Downhill",8,"Family",2,3,8,53.92,"2006-02-14",4
917,"Tuxedo Mile",15,"Sports",1,3,8,44.92,"2006-02-14",3
575,"Midsummer Groundhog",6,"Documentary",1,2,8,40.94,"2005-08-21",3
655,"Panther Reds",14,"Sci-Fi",1,3,8,34.93,"2005-08-22",5
327,"Fool Mockingbird",1,"Action",2,2,8,57.93,"2005-08-20",3
656,"Papi Necklace",16,"Travel",2,2,8,27.93,"2005-08-17",3
788,"Ship Wonderland",6,"Documentary",1,2,8,22.93,"2005-08-18",5
112,"Calendar Gunfight",9,"Foreign",2,3,8,36.94,"2005-08-22",4
567,"Meet Chocolate",9,"Foreign",1,2,8,33.93,"2005-08-23",3
659,"Park Citizen",1,"Action",2,2,8,48.94,"2005-08-20",3
758,"Saints Bride",7,"Drama",2,3,8,31.92,"2005-08-23",5
19,"Amadeus Holy",1,"Action",2,2,8,9.92,"2006-02-14",6
787,"Shining Roses",16,"Travel",1,3,8,22.92,"2005-08-23",4
914,"Trouble Date",16,"Travel",1,2,8,18.95,"2006-02-14",6
97,"Bride Intrigue",1,"Action",2,2,8,6.93,"2005-08-22",7
25,"Angels Life",13,"New",2,2,8,37.93,"2005-08-21",3
663,"Patient Sister",4,"Classics",2,2,8,6.93,"2005-08-19",7
448,"Idaho Love",13,"New",1,2,8,35.93,"2005-08-18",3
541,"Luke Mummy",2,"Animation",2,2,7,28.93,"2005-08-21",5
385,"Groundhog Uncut",5,"Comedy",1,2,7,31.95,"2005-08-23",6
473,"Jacket Frisco",7,"Drama",1,2,7,23.94,"2005-08-21",5
488,"Joon Northwest",15,"Sports",1,2,7,17.94,"2005-08-23",3
373,"Graduate Lord",3,"Children",2,2,7,17.95,"2005-08-21",7
501,"Kissing Dolls",1,"Action",2,2,7,51.93,"2005-08-23",3
511,"Lawrence Love",1,"Action",1,2,7,6.93,"2005-08-23",7
513,"Leathernecks Dwarfs",16,"Travel",2,2,7,21.94,"2005-08-18",6
517,"Lesson Cleopatra",15,"Sports",2,2,7,22.94,"2005-08-23",3
520,"License Weekend",14,"Sci-Fi",1,2,7,17.94,"2005-08-20",7
524,"Lion Uncut",5,"Comedy",1,2,7,9.94,"2005-08-23",6
527,"Lola Agent",11,"Horror",1,2,7,49.93,"2005-08-20",4
346,"Galaxy Sweethearts",4,"Classics",1,2,7,40.94,"2005-08-22",4
536,"Lovely Jingle",4,"Classics",1,3,7,27.93,"2006-02-14",3
536,"Lovely Jingle",4,"Classics",2,2,7,34.94,"2005-08-23",3
345,"Gables Metropolis",8,"Family",2,2,7,13.94,"2006-02-14",3
344,"Fury Murder",3,"Children",2,2,7,21.93,"2005-08-18",3
470,"Ishtar Rocketeer",2,"Animation",1,2,7,42.94,"2005-08-22",4
545,"Madness Attacks",9,"Foreign",2,2,7,19.93,"2005-08-20",4
547,"Magic Mallrats",3,"Children",2,2,7,17.93,"2005-08-22",3
337,"Frida Slipper",9,"Foreign",1,2,7,26.94,"2006-02-14",6
557,"Manchurian Curtain",8,"Family",2,3,7,27.93,"2005-08-21",5
562,"Masked Bubble",12,"Music",2,2,7,6.93,"2005-08-23",6
568,"Memento Zoolander",5,"Comedy",2,2,7,48.93,"2005-08-22",4
569,"Menagerie Rushmore",2,"Animation",1,2,7,18.94,"2005-08-23",7
574,"Midnight Westward",1,"Action",1,2,7,14.94,"2005-08-21",3
322,"Flatliners Killer",15,"Sports",2,2,7,21.94,"2005-08-18",5
578,"Million Ace",4,"Classics",1,2,7,38.94,"2005-08-22",4
579,"Minds Truman",1,"Action",2,3,7,54.93,"2005-08-20",3
316,"Fire Wolves",10,"Games",2,2,7,39.93,"2005-08-20",5
996,"Young Language",6,"Documentary",1,2,7,6.93,"2005-08-23",6
583,"Mission Zoolander",2,"Animation",2,2,7,39.94,"2005-08-21",3
313,"Fidelity Devil",11,"Horror",2,2,7,41.93,"2005-08-20",5
311,"Fiction Christmas",9,"Foreign",1,3,7,19.93,"2005-08-22",4
592,"Monster Spartacus",12,"Music",1,2,7,18.94,"2005-08-22",6
596,"Moonshine Cabin",10,"Games",1,2,7,43.93,"2005-08-22",4
599,"Mother Oleander",15,"Sports",1,3,7,38.93,"2005-08-20",3
599,"Mother Oleander",15,"Sports",2,2,7,24.94,"2005-08-23",3
600,"Motions Details",11,"Horror",2,2,7,12.95,"2006-02-14",5
605,"Mulholland Beast",9,"Foreign",2,2,7,21.93,"2006-02-14",7
293,"Exorcist Sting",15,"Sports",1,2,7,27.94,"2005-08-21",6
289,"Eve Resurrection",13,"New",1,2,7,40.93,"2005-08-18",5
287,"Entrapment Satisfaction",1,"Action",1,2,7,24.94,"2005-08-20",5
619,"Neighbors Charade",15,"Sports",1,2,7,18.95,"2005-08-21",3
286,"Enough Raging",16,"Travel",1,2,7,18.94,"2006-02-14",7
622,"Newsies Story",6,"Documentary",2,2,7,22.93,"2005-08-23",4
278,"Elf Murder",12,"Music",1,2,7,34.94,"2005-08-21",4
275,"Egypt Tenenbaums",11,"Horror",2,2,7,26.94,"2005-08-21",3
967,"Weekend Personal",14,"Sci-Fi",2,2,7,25.94,"2005-08-20",5
641,"Orange Grapes",9,"Foreign",1,3,7,15.93,"2005-08-22",4
268,"Early Home",2,"Animation",2,2,7,36.94,"2005-08-21",6
643,"Orient Closer",7,"Drama",1,3,7,33.93,"2005-08-22",3
647,"Outfield Massacre",12,"Music",1,3,7,21.93,"2006-02-14",4
261,"Duffel Apocalypse",6,"Documentary",1,2,7,5.94,"2005-08-21",5
649,"Oz Liaisons",2,"Animation",1,2,7,23.93,"2005-08-23",4
651,"Packer Madigan",2,"Animation",1,2,7,9.94,"2005-08-23",3
653,"Panic Club",11,"Horror",1,2,7,51.93,"2005-08-22",3
655,"Panther Reds",14,"Sci-Fi",2,3,7,48.93,"2005-08-21",5
251,"Dragonfly Strangers",13,"New",1,2,7,31.94,"2006-02-14",6
660,"Party Knock",5,"Comedy",1,2,7,19.94,"2005-08-23",7
664,"Patriot Roman",1,"Action",1,2,7,22.94,"2005-08-19",6
248,"Dozen Lion",6,"Documentary",2,2,7,31.94,"2005-08-22",6
243,"Doors President",2,"Animation",1,2,7,45.94,"2005-08-21",3
672,"Perfect Groove",5,"Comedy",1,2,7,20.94,"2005-08-23",7
676,"Philadelphia Wife",15,"Sports",1,2,7,37.93,"2005-08-22",7
238,"Doctor Grail",3,"Children",1,2,7,23.95,"2005-08-20",4
237,"Divorce Shining",15,"Sports",1,2,7,21.95,"2005-08-22",3
22,"Amistad Midsummer",13,"New",2,3,7,24.93,"2006-02-14",6
684,"Pizza Jumanji",10,"Games",2,2,7,25.94,"2005-08-21",4
232,"Dirty Ace",10,"Games",2,2,7,19.95,"2005-08-17",7
691,"Poseidon Forever",15,"Sports",2,2,7,43.93,"2005-08-23",6
693,"Potter Connecticut",2,"Animation",2,3,7,29.93,"2005-08-21",5
695,"President Bang",8,"Family",1,2,7,35.94,"2005-08-21",6
2,"Ace Goldfinger",11,"Horror",2,3,7,52.93,"2006-02-14",3
226,"Destiny Saturday",13,"New",1,2,7,31.94,"2005-08-21",4
706,"Queen Luke",7,"Drama",1,2,7,50.93,"2006-02-14",5
222,"Desert Poseidon",11,"Horror",1,2,7,38.93,"2005-08-23",4
215,"Dawn Pond",10,"Games",2,3,7,47.93,"2005-08-21",4
723,"Reign Gentlemen",14,"Sci-Fi",2,3,7,34.93,"2005-08-21",3
728,"Reunion Witches",7,"Drama",2,2,7,25.93,"2005-08-18",3
204,"Dalmations Sweden",7,"Drama",2,2,7,17.94,"2005-08-20",4
196,"Cruelty Unforgiven",4,"Classics",1,2,7,6.94,"2005-08-23",7
733,"River Outlaw",15,"Sports",2,3,7,19.93,"2005-08-23",4
737,"Rock Instinct",11,"Horror",1,2,7,17.93,"2005-08-22",4
744,"Roots Remember",4,"Classics",1,2,7,14.95,"2005-08-20",4
746,"Rouge Squad",10,"Games",1,2,7,20.95,"2005-08-21",3
185,"Cowboy Doom",9,"Foreign",1,2,7,28.93,"2005-08-22",3
749,"Rules Human",11,"Horror",2,2,7,35.94,"2005-08-22",6
757,"Sagebrush Clueless",6,"Documentary",2,2,7,35.93,"2005-08-22",4
182,"Control Anthem",5,"Comedy",1,2,7,31.94,"2005-08-22",7
178,"Connection Microcosmos",5,"Comedy",1,2,7,8.95,"2006-02-14",6
176,"Congeniality Quest",15,"Sports",1,2,7,6.93,"2005-08-22",6
169,"Comforts Rush",16,"Travel",1,2,7,37.93,"2005-08-18",3
164,"Coast Rainbow",6,"Documentary",1,2,7,12.94,"2005-08-23",4
779,"Sense Greek",15,"Sports",2,2,7,47.93,"2005-08-23",4
161,"Clue Grail",12,"Music",1,2,7,40.93,"2005-08-18",6
785,"Shawshank Bubble",16,"Travel",2,2,7,41.93,"2005-08-21",6
788,"Ship Wonderland",6,"Documentary",2,2,7,21.93,"2005-08-22",5
156,"Clerks Angels",6,"Documentary",2,2,7,45.94,"2005-08-21",3
155,"Cleopatra Devil",13,"New",1,2,7,12.94,"2005-08-21",6
17,"Alone Trip",12,"Music",1,3,7,24.93,"2006-02-14",3
791,"Show Lord",6,"Documentary",1,2,7,42.93,"2005-08-18",3
151,"Cincinatti Whisperer",14,"Sci-Fi",1,2,7,35.94,"2005-08-21",5
796,"Sierra Divide",15,"Sports",2,3,7,30.93,"2005-08-23",3
798,"Silverado Goldfinger",14,"Sci-Fi",2,2,7,53.93,"2006-02-14",4
139,"Chasing Fight",8,"Family",2,2,7,31.94,"2006-02-14",7
829,"Spinal Rocky",8,"Family",1,2,7,21.93,"2005-08-22",7
131,"Center Dinosaur",4,"Classics",2,2,7,40.93,"2006-02-14",5
129,"Cause Date",6,"Documentary",1,3,7,48.93,"2005-08-23",3
836,"Squad Fish",15,"Sports",1,3,7,27.93,"2005-08-23",3
839,"Stallion Sundance",14,"Sci-Fi",2,2,7,7.94,"2005-08-23",5
844,"Steers Armageddon",15,"Sports",2,2,7,42.93,"2005-08-22",6
845,"Stepmom Dream",9,"Foreign",2,3,7,38.93,"2005-08-22",7
985,"Wonderland Christmas",14,"Sci-Fi",2,3,7,46.93,"2005-08-22",4
119,"Caper Motions",5,"Comedy",1,3,7,12.93,"2005-08-23",6
855,"Streak Ridgemont",6,"Documentary",2,2,7,7.94,"2005-08-22",7
859,"Sugar Wonka",2,"Animation",1,3,7,42.93,"2005-08-23",3
862,"Summer Scarface",4,"Classics",2,2,7,15.94,"2005-08-21",5
106,"Bulworth Commandments",10,"Games",1,2,7,32.93,"2005-08-22",4
864,"Sundance Invasion",3,"Children",2,2,7,15.93,"2005-08-21",5
988,"Worker Tarzan",16,"Travel",2,2,7,21.93,"2005-08-19",7
894,"Tomatoes Hellfighters",16,"Travel",1,3,7,10.93,"2005-08-21",6
894,"Tomatoes Hellfighters",16,"Travel",2,2,7,8.93,"2005-08-19",6
896,"Tootsie Pilot",3,"Children",2,2,7,11.94,"2005-08-22",3
900,"Town Ark",9,"Foreign",1,2,7,20.94,"2005-08-18",6
900,"Town Ark",9,"Foreign",2,2,7,25.93,"2005-08-22",6
68,"Betrayed Rear",3,"Children",1,2,7,36.94,"2005-08-21",5
906,"Tramp Others",5,"Comedy",1,2,7,12.93,"2005-08-22",4
908,"Trap Guys",9,"Foreign",1,2,7,58.93,"2005-08-22",3
910,"Treatment Jekyll",7,"Drama",2,2,7,6.94,"2005-08-21",3
63,"Bedazzled Married",8,"Family",1,2,7,6.94,"2005-08-23",6
61,"Beauty Grease",7,"Drama",2,2,7,44.93,"2005-08-23",5
993,"Wrong Behavior",3,"Children",2,3,7,22.93,"2005-08-23",6
920,"Unbreakable Karate",13,"New",2,2,7,34.93,"2005-08-19",3
56,"Barefoot Manchurian",1,"Action",2,2,7,23.93,"2005-08-23",6
924,"Unforgiven Zoolander",14,"Sci-Fi",1,2,7,8.94,"2005-08-21",7
55,"Barbarella Streetcar",14,"Sci-Fi",2,2,7,24.94,"2005-08-17",6
53,"Bang Kwai",8,"Family",1,2,7,22.93,"2006-02-14",5
935,"Vanished Garden",13,"New",2,2,7,14.94,"2006-02-14",5
947,"Vision Torque",9,"Foreign",1,2,7,11.94,"2005-08-22",5
423,"Hollywood Anonymous",3,"Children",1,2,7,7.93,"2005-08-20",7
44,"Attacks Hate",14,"Sci-Fi",1,2,7,38.93,"2005-08-23",5
433,"Horn Working",2,"Animation",2,2,7,36.93,"2005-08-22",4
411,"Heavenly Gun",12,"Music",1,2,7,32.94,"2005-08-19",5
407,"Hawk Chill",6,"Documentary",1,2,7,12.94,"2005-08-20",5
446,"Hysterical Grail",15,"Sports",1,2,7,41.93,"2005-08-18",5
406,"Haunting Pianist",10,"Games",1,2,7,12.94,"2005-08-23",5
464,"Intentions Empire",2,"Animation",2,3,7,30.93,"2005-08-22",3
389,"Gunfighter Mussolini",15,"Sports",1,2,7,33.94,"2005-08-19",3
194,"Crow Grease",1,"Action",2,2,6,7.95,"2005-08-21",6
794,"Side Ark",1,"Action",1,2,6,16.94,"2005-08-21",5
259,"Duck Racer",2,"Animation",1,2,6,20.95,"2005-08-23",4
461,"Insects Stone",2,"Animation",1,2,6,11.94,"2005-08-20",3
921,"Uncut Suicides",12,"Music",1,2,6,17.94,"2005-08-23",7
175,"Confused Candles",8,"Family",1,2,6,29.95,"2005-08-19",3
262,"Dumbo Lust",8,"Family",2,2,6,13.94,"2005-08-23",5
794,"Side Ark",1,"Action",2,2,6,12.94,"2005-08-23",5
974,"Wild Apollo",13,"New",1,2,6,15.94,"2006-02-14",4
95,"Breakfast Goldfinger",13,"New",1,2,6,38.94,"2005-08-23",5
7,"Airplane Sierra",5,"Comedy",1,2,6,37.94,"2005-08-22",6
568,"Memento Zoolander",5,"Comedy",1,2,6,39.94,"2005-08-22",4
635,"Oklahoma Jumanji",13,"New",2,2,6,5.94,"2005-08-23",7
997,"Youth Kick",12,"Music",1,2,6,16.94,"2005-08-18",4
424,"Holocaust Highball",3,"Children",2,2,6,5.94,"2005-08-22",6
631,"Novocaine Flight",15,"Sports",2,2,6,13.94,"2005-08-22",4
485,"Jersey Sassy",3,"Children",2,3,6,39.94,"2005-08-18",6
281,"Encino Elf",10,"Games",1,2,6,10.94,"2005-08-22",6
623,"Newton Labyrinth",9,"Foreign",1,2,6,12.94,"2005-08-22",4
115,"Campus Remember",1,"Action",1,3,6,28.94,"2005-08-22",5
616,"National Story",6,"Documentary",1,2,6,22.94,"2005-08-20",4
125,"Cassidy Wyoming",16,"Travel",2,2,6,23.94,"2005-08-23",5
965,"Watership Frontier",11,"Horror",1,2,6,13.94,"2005-08-22",6
212,"Darn Forrester",1,"Action",2,2,6,29.94,"2005-08-23",7
463,"Instinct Airport",15,"Sports",2,2,6,26.94,"2005-08-20",4
92,"Bowfinger Gables",11,"Horror",2,2,6,31.94,"2005-08-18",7
611,"Musketeers Wait",4,"Classics",2,2,6,29.94,"2005-08-20",7
937,"Varsity Trip",13,"New",1,2,6,17.94,"2005-08-23",7
293,"Exorcist Sting",15,"Sports",2,3,6,21.94,"2005-08-21",6
483,"Jericho Mulan",10,"Games",2,2,6,31.94,"2005-08-22",3
606,"Mummy Creatures",15,"Sports",1,2,6,23.95,"2005-08-19",3
297,"Extraordinary Conquerer",4,"Classics",2,2,6,22.94,"2005-08-23",6
601,"Moulin Wake",16,"Travel",2,2,6,22.94,"2005-08-21",4
799,"Simon North",11,"Horror",1,2,6,18.94,"2005-08-23",3
423,"Hollywood Anonymous",3,"Children",2,2,6,5.94,"2005-08-21",7
942,"Vietnam Smoochy",7,"Drama",1,2,6,9.94,"2005-08-21",7
512,"League Hellfighters",4,"Classics",1,2,6,37.94,"2005-08-21",5
995,"Yentl Idaho",11,"Horror",2,2,6,37.94,"2005-08-20",5
877,"Taxi Kick",12,"Music",2,2,6,14.94,"2005-08-21",4
948,"Voice Peach",13,"New",1,2,6,13.94,"2005-08-23",6
324,"Flintstones Happiness",5,"Comedy",2,2,6,52.94,"2005-08-22",3
118,"Canyon Stock",2,"Animation",2,2,6,5.94,"2005-08-23",7
722,"Reef Salute",11,"Horror",2,2,6,17.94,"2005-08-20",5
754,"Rushmore Mermaid",5,"Comedy",2,2,6,18.94,"2005-08-22",6
472,"Italian African",16,"Travel",2,2,6,38.94,"2005-08-23",3
716,"Reap Unfaithful",11,"Horror",1,2,6,26.94,"2005-08-23",6
405,"Haunted Antitrust",16,"Travel",2,2,6,31.94,"2006-02-14",6
16,"Alley Evolution",9,"Foreign",1,2,6,23.94,"2005-08-22",6
883,"Tequila Past",3,"Children",2,2,6,32.94,"2005-08-22",6
884,"Terminator Club",12,"Music",2,3,6,39.94,"2005-08-22",5
885,"Texas Watch",11,"Horror",1,2,6,5.94,"2005-08-21",7
805,"Sleepless Monsoon",2,"Animation",1,2,6,32.94,"2006-02-14",5
829,"Spinal Rocky",8,"Family",2,3,6,17.94,"2005-08-23",7
514,"Lebowski Soldiers",7,"Drama",1,2,6,20.94,"2005-08-20",6
808,"Sling Luke",4,"Classics",2,2,6,14.94,"2005-08-18",5
991,"Worst Banger",1,"Action",1,2,6,19.94,"2005-08-23",4
141,"Chicago North",10,"Games",2,2,6,31.94,"2005-08-21",6
708,"Quills Bull",6,"Documentary",1,2,6,34.94,"2005-08-23",4
818,"Something Duck",7,"Drama",2,2,6,35.94,"2005-08-20",4
184,"Core Suit",4,"Classics",1,2,6,38.94,"2005-08-19",3
224,"Desperate Trainspotting",16,"Travel",1,2,6,31.94,"2005-08-22",7
353,"Gentlemen Stage",9,"Foreign",1,2,6,21.94,"2005-08-21",6
168,"Comancheros Enemy",3,"Children",1,2,6,9.94,"2005-08-23",5
74,"Birch Antitrust",12,"Music",1,3,6,35.94,"2005-08-22",4
975,"Willow Tracy",8,"Family",1,2,6,19.94,"2005-08-22",6
498,"Killer Innocent",8,"Family",1,2,6,21.94,"2005-08-19",7
72,"Bill Others",6,"Documentary",2,2,6,19.95,"2005-08-17",6
784,"Shanghai Tycoon",16,"Travel",2,3,6,17.94,"2005-08-20",7
186,"Craft Outfield",7,"Drama",2,2,6,6.94,"2005-08-20",6
959,"Warlock Werewolf",3,"Children",1,2,6,21.94,"2005-08-19",6
694,"Prejudice Oleander",4,"Classics",2,2,6,32.94,"2005-08-21",6
229,"Devil Desire",1,"Action",1,2,6,30.94,"2006-02-14",6
999,"Zoolander Fiction",3,"Children",1,2,6,23.94,"2005-08-21",5
438,"Human Graffiti",10,"Games",1,2,6,36.94,"2005-08-18",3
763,"Satisfaction Confidential",15,"Sports",2,2,6,48.94,"2005-08-18",3
507,"Ladybugs Armageddon",10,"Games",2,2,6,17.94,"2005-08-22",4
544,"Madison Trap",6,"Documentary",1,2,6,33.94,"2005-08-22",4
372,"Graceland Dynamite",15,"Sports",1,2,6,37.94,"2005-08-17",5
173,"Confessions Maguire",7,"Drama",1,3,6,33.94,"2005-08-21",7
151,"Cincinatti Whisperer",14,"Sci-Fi",2,2,6,35.95,"2006-02-14",5
675,"Phantom Glory",13,"New",1,2,6,21.94,"2005-08-19",6
102,"Bubble Grosse",15,"Sports",2,2,6,35.94,"2006-02-14",4
437,"House Dynamite",8,"Family",1,2,6,19.94,"2005-08-20",7
673,"Personal Ladybugs",12,"Music",2,2,6,20.94,"2005-08-17",3
340,"Frontier Cabin",13,"New",1,2,6,35.94,"2005-08-21",6
67,"Berets Agent",1,"Action",1,2,6,22.94,"2005-08-17",5
549,"Magnolia Forrester",1,"Action",1,2,6,20.94,"2005-08-21",4
769,"School Jacket",9,"Foreign",2,2,6,35.94,"2005-08-21",5
475,"Japanese Run",11,"Horror",2,2,6,7.94,"2005-08-23",6
32,"Apocalypse Flamingos",13,"New",2,2,6,24.95,"2005-08-23",6
380,"Greek Everyone",9,"Foreign",1,2,6,19.94,"2005-08-19",7
63,"Bedazzled Married",8,"Family",2,2,6,7.94,"2005-08-23",6
189,"Creatures Shakespeare",10,"Games",1,2,6,25.94,"2006-02-14",3
667,"Peach Innocent",15,"Sports",2,2,6,41.93,"2006-02-14",3
743,"Room Roman",2,"Animation",1,2,6,8.94,"2005-08-22",7
662,"Paths Control",7,"Drama",2,2,6,50.94,"2005-08-23",3
365,"Gold River",5,"Comedy",2,2,6,39.94,"2005-08-22",4
416,"Highball Potter",9,"Foreign",1,2,6,11.94,"2005-08-21",6
62,"Bed Highball",6,"Documentary",2,2,6,24.94,"2005-08-18",5
399,"Happiness United",9,"Foreign",2,2,6,22.94,"2006-02-14",6
660,"Party Knock",5,"Comedy",2,2,6,21.94,"2005-08-23",7
657,"Paradise Sabrina",5,"Comedy",2,2,6,23.94,"2005-08-20",5
511,"Lawrence Love",1,"Action",2,3,6,8.94,"2005-08-23",7
100,"Brooklyn Desert",9,"Foreign",2,2,6,38.94,"2005-08-22",7
194,"Crow Grease",1,"Action",1,2,6,6.94,"2005-08-23",6
458,"Indian Love",8,"Family",1,2,5,14.95,"2005-08-23",4
180,"Conspiracy Spirit",4,"Classics",2,2,5,16.95,"2005-08-18",4
116,"Candidate Perdition",4,"Classics",1,2,5,26.94,"2006-02-14",4
506,"Lady Stage",11,"Horror",2,2,5,39.95,"2006-02-14",4
107,"Bunch Minds",7,"Drama",2,2,5,25.95,"2005-08-21",4
105,"Bull Shawshank",1,"Action",1,2,5,5.95,"2005-08-21",6
734,"Road Roxanne",6,"Documentary",1,2,5,28.95,"2005-08-23",4
94,"Braveheart Human",8,"Family",1,2,5,16.95,"2005-08-20",7
92,"Bowfinger Gables",11,"Horror",1,2,5,24.95,"2005-08-19",7
722,"Reef Salute",11,"Horror",1,2,5,5.95,"2005-08-22",5
216,"Day Unfaithful",13,"New",1,2,5,38.95,"2005-08-20",3
707,"Quest Mussolini",1,"Action",1,2,5,18.95,"2005-08-23",5
74,"Birch Antitrust",12,"Music",2,2,5,38.95,"2005-08-23",4
453,"Image Princess",15,"Sports",2,2,5,26.95,"2005-08-23",3
699,"Private Drop",10,"Games",1,2,5,26.95,"2005-08-19",7
696,"Pride Alamo",2,"Animation",1,2,5,4.95,"2006-02-14",6
689,"Pollock Deliverance",9,"Foreign",2,2,5,19.94,"2006-02-14",5
456,"Inch Jet",2,"Animation",1,2,5,24.95,"2005-08-21",6
233,"Disciple Mother",16,"Travel",2,2,5,5.95,"2005-08-21",3
680,"Pinocchio Simon",5,"Comedy",1,2,5,36.95,"2005-08-23",4
457,"Independence Hotel",6,"Documentary",1,2,5,11.95,"2005-08-22",5
903,"Traffic Hobbit",16,"Travel",2,2,5,24.95,"2005-08-21",5
459,"Informer Double",9,"Foreign",2,2,5,27.95,"2005-08-22",4
666,"Paycheck Wait",7,"Drama",2,2,5,29.95,"2005-08-23",4
913,"Troopers Metal",13,"New",2,2,5,9.95,"2005-08-23",3
916,"Turn Star",2,"Animation",2,2,5,22.95,"2005-08-19",3
654,"Panky Submarine",10,"Games",1,2,5,38.95,"2005-08-19",4
917,"Tuxedo Mile",15,"Sports",2,2,5,31.95,"2005-08-19",3
381,"Grinch Massage",10,"Games",1,2,5,25.95,"2005-08-20",7
254,"Driver Annie",15,"Sports",1,2,5,18.95,"2006-02-14",4
648,"Outlaw Hanky",16,"Travel",2,2,5,26.95,"2005-08-22",7
392,"Hall Cassidy",3,"Children",2,2,5,28.95,"2005-08-22",5
267,"Eagles Panky",13,"New",2,2,5,35.95,"2005-08-21",4
486,"Jet Neighbors",9,"Foreign",2,2,5,25.95,"2005-08-22",7
620,"Nemo Campus",14,"Sci-Fi",1,2,5,16.95,"2005-08-23",5
932,"Valley Packer",5,"Comedy",2,2,5,27.95,"2005-08-20",3
612,"Mussolini Spoilers",15,"Sports",2,2,5,15.95,"2005-08-19",6
936,"Vanishing Rocky",12,"Music",1,2,5,20.95,"2005-08-23",3
310,"Fever Empire",10,"Games",1,2,5,33.95,"2005-08-18",5
580,"Mine Titans",13,"New",2,2,5,46.95,"2005-08-21",3
944,"Virgin Daisy",7,"Drama",1,2,5,25.95,"2005-08-22",6
326,"Flying Hook",2,"Animation",1,2,5,20.95,"2005-08-22",6
963,"Watch Tracy",2,"Animation",1,2,5,7.95,"2005-08-22",5
420,"Holes Brannigan",15,"Sports",1,2,5,21.96,"2006-02-14",7
570,"Mermaid Insects",15,"Sports",1,2,5,30.95,"2005-08-21",5
428,"Homicide Peach",8,"Family",2,2,5,15.95,"2005-08-21",6
335,"Freedom Cleopatra",5,"Comedy",1,2,5,5.95,"2005-08-21",5
558,"Mannequin Worst",13,"New",2,2,5,23.95,"2005-08-22",3
549,"Magnolia Forrester",1,"Action",2,2,5,13.95,"2005-08-22",4
343,"Full Flatliners",3,"Children",1,2,5,16.95,"2005-08-21",6
534,"Louisiana Harry",8,"Family",1,2,5,7.95,"2005-08-21",5
441,"Hunter Alter",6,"Documentary",1,2,5,24.95,"2005-08-23",5
362,"Glory Tracy",10,"Games",1,2,5,14.95,"2005-08-23",7
133,"Chamber Italian",12,"Music",1,2,5,19.96,"2006-02-14",7
389,"Gunfighter Mussolini",15,"Sports",2,2,5,30.95,"2005-08-23",3
798,"Silverado Goldfinger",14,"Sci-Fi",1,2,5,37.95,"2005-08-20",4
797,"Silence Kane",12,"Music",1,2,5,5.95,"2005-08-22",7
123,"Casablanca Super",16,"Travel",1,2,5,25.95,"2005-08-17",6
781,"Seven Swarm",10,"Games",2,2,5,30.95,"2005-08-23",4
165,"Coldblooded Darling",14,"Sci-Fi",2,2,5,27.95,"2005-08-20",7
170,"Command Darling",9,"Foreign",1,2,5,32.95,"2005-08-19",5
986,"Wonka Sea",2,"Animation",2,2,5,16.95,"2005-08-23",6
440,"Hunger Roof",9,"Foreign",1,2,4,7.96,"2005-08-21",6
980,"Wizard Coldblooded",12,"Music",2,2,4,19.96,"2005-08-22",4
759,"Salute Apollo",13,"New",1,2,4,20.96,"2005-08-22",4
887,"Thief Pelican",2,"Animation",2,2,4,21.96,"2005-08-18",5
904,"Train Bunch",11,"Horror",1,2,4,24.96,"2005-08-23",3
478,"Jaws Harry",5,"Comedy",1,2,4,14.96,"2005-08-21",4
690,"Pond Seattle",2,"Animation",2,2,4,12.96,"2005-08-20",7
542,"Lust Lock",1,"Action",2,2,4,21.94,"2006-02-14",3
842,"State Wasteland",10,"Games",2,2,4,19.96,"2005-08-22",4
803,"Slacker Liaisons",7,"Drama",2,2,4,19.96,"2005-08-18",7
584,"Mixed Doors",9,"Foreign",1,2,4,15.96,"2005-08-21",6
9,"Alabama Devil",11,"Horror",2,2,4,27.96,"2005-08-17",3
957,"War Notting",9,"Foreign",2,2,4,20.96,"2005-08-22",7
337,"Frida Slipper",9,"Foreign",2,2,4,13.96,"2005-08-23",6
820,"Sons Interview",2,"Animation",2,2,4,23.96,"2006-02-14",3
567,"Meet Chocolate",9,"Foreign",2,2,4,22.96,"2005-08-22",3
662,"Paths Control",7,"Drama",1,2,4,30.96,"2005-08-23",3
953,"Wait Cider",2,"Animation",2,2,4,19.96,"2005-08-19",3
400,"Hardly Robbers",6,"Documentary",1,2,4,15.96,"2005-08-22",7
724,"Remember Diary",8,"Family",1,2,4,14.96,"2005-08-22",5
709,"Racer Egg",7,"Drama",1,2,4,11.96,"2005-08-20",7
150,"Cider Desire",6,"Documentary",1,2,4,12.96,"2005-08-23",7
336,"French Holiday",6,"Documentary",2,2,4,24.96,"2005-08-21",5
148,"Chocolate Duck",9,"Foreign",NULL,0,0,NULL,NULL,3
128,"Catch Amistad",9,"Foreign",NULL,0,0,NULL,NULL,7
404,"Hate Handicap",5,"Comedy",NULL,0,0,NULL,NULL,4
171,"Commandments Express",11,"Horror",NULL,0,0,NULL,NULL,6
325,"Floats Garden",2,"Animation",NULL,0,0,NULL,NULL,6
860,"Suicides Silence",14,"Sci-Fi",NULL,0,0,NULL,NULL,4
38,"Ark Ridgemont",1,"Action",NULL,0,0,NULL,NULL,6
318,"Firehouse Vietnam",1,"Action",NULL,0,0,NULL,NULL,7
874,"Tadpole Park",4,"Classics",NULL,0,0,NULL,NULL,6
198,"Crystal Breaking",9,"Foreign",NULL,0,0,NULL,NULL,6
943,"Villain Desperate",6,"Documentary",NULL,0,0,NULL,NULL,4
607,"Muppet Mile",9,"Foreign",NULL,0,0,NULL,NULL,5
950,"Volume House",4,"Classics",NULL,0,0,NULL,NULL,7
642,"Order Betrayed",16,"Travel",NULL,0,0,NULL,NULL,7
909,"Treasure Command",11,"Horror",NULL,0,0,NULL,NULL,3
14,"Alice Fantasia",4,"Classics",NULL,0,0,NULL,NULL,6
332,"Frankenstein Stranger",5,"Comedy",NULL,0,0,NULL,NULL,7
41,"Arsenic Independence",16,"Travel",NULL,0,0,NULL,NULL,4
195,"Crowds Telemark",14,"Sci-Fi",NULL,0,0,NULL,NULL,3
419,"Hocus Frida",8,"Family",NULL,0,0,NULL,NULL,4
192,"Crossing Divorce",9,"Foreign",NULL,0,0,NULL,NULL,4
669,"Pearl Destiny",9,"Foreign",NULL,0,0,NULL,NULL,3
671,"Perdition Fargo",15,"Sports",NULL,0,0,NULL,NULL,7
495,"Kentuckian Giant",11,"Horror",NULL,0,0,NULL,NULL,5
497,"Kill Brotherhood",6,"Documentary",NULL,0,0,NULL,NULL,4
742,"Roof Champion",10,"Games",NULL,0,0,NULL,NULL,7
701,"Psycho Shrunk",10,"Games",NULL,0,0,NULL,NULL,5
954,"Wake Jaws",13,"New",NULL,0,0,NULL,NULL,7
33,"Apollo Teen",7,"Drama",NULL,0,0,NULL,NULL,5
359,"Gladiator Westward",8,"Family",NULL,0,0,NULL,NULL,6
36,"Argonauts Town",2,"Animation",NULL,0,0,NULL,NULL,7
955,"Walls Artist",3,"Children",NULL,0,0,NULL,NULL,7
221,"Deliverance Mulholland",6,"Documentary",NULL,0,0,NULL,NULL,4
217,"Dazed Punk",10,"Games",NULL,0,0,NULL,NULL,6
144,"Chinatown Gladiator",13,"New",NULL,0,0,NULL,NULL,7
712,"Raiders Antitrust",6,"Documentary",NULL,0,0,NULL,NULL,4
108,"Butch Panther",13,"New",NULL,0,0,NULL,NULL,6
713,"Rainbow Shock",6,"Documentary",NULL,0,0,NULL,NULL,3
87,"Boondock Ballroom",16,"Travel",NULL,0,0,NULL,NULL,7
802,"Sky Miracle",1,"Action",NULL,0,0,NULL,NULL,7
801,"Sister Freddy",3,"Children",NULL,0,0,NULL,NULL,5
386,"Gump Date",16,"Travel",NULL,0,0,NULL,NULL,3
