"film_id","film","length","category_id","category","total_revenue","total_rent","average_rental_revenue","last_rental_date"
1,"Academy Dinosaur",86,6,"Documentary",33.79,23,1.61,"2005-08-23"
2,"Ace Goldfinger",48,11,"Horror",52.93,7,7.56,"2006-02-14"
3,"Adaptation Holes",50,6,"Documentary",34.89,12,3.17,"2005-08-23"
4,"Affair Prejudice",117,11,"Horror",83.79,23,3.99,"2006-02-14"
5,"African Egg",130,8,"Family",47.89,12,4.35,"2006-02-14"
6,"Agent Truman",169,9,"Foreign",111.81,21,5.88,"2005-08-21"
7,"Airplane Sierra",62,5,"Comedy",82.85,15,5.52,"2005-08-22"
8,"Airport Pollock",54,11,"Horror",86.85,18,5.79,"2005-08-23"
9,"Alabama Devil",114,11,"Horror",71.88,12,5.99,"2005-08-23"
10,"Aladdin Calendar",63,15,"Sports",131.77,23,5.73,"2005-08-21"
11,"Alamo Videotape",126,9,"Foreign",30.78,24,1.40,"2005-08-22"
12,"Alaska Phantom",136,12,"Music",37.77,26,1.64,"2005-08-23"
13,"Ali Forever",150,11,"Horror",54.91,9,6.10,"2006-02-14"
14,"Alice Fantasia",94,4,"Classics",0.00,0,0.00,NULL
15,"Alien Center",46,9,"Foreign",84.80,22,4.24,"2005-08-23"
16,"Alley Evolution",180,9,"Foreign",46.87,14,3.61,"2005-08-22"
17,"Alone Trip",82,12,"Music",61.83,18,3.64,"2006-02-14"
18,"Alter Victory",57,2,"Animation",30.80,22,1.54,"2005-08-23"
19,"Amadeus Holy",113,1,"Action",32.80,21,1.64,"2006-02-14"
20,"Amelie Hellfighters",79,12,"Music",67.90,10,6.79,"2005-08-23"
21,"American Circus",129,1,"Action",146.81,22,7.73,"2006-02-14"
22,"Amistad Midsummer",85,13,"New",70.79,21,3.37,"2006-02-14"
23,"Anaconda Confessions",92,2,"Animation",51.82,21,2.88,"2005-08-20"
24,"Analyze Hoosiers",181,11,"Horror",55.86,14,3.99,"2005-08-22"
25,"Angels Life",74,13,"New",103.80,22,5.19,"2005-08-23"
26,"Annie Identity",86,14,"Sci-Fi",50.81,22,2.67,"2005-08-23"
27,"Anonymous Human",179,15,"Sports",17.87,13,1.37,"2005-08-20"
28,"Anthem Luke",91,5,"Comedy",63.89,15,5.81,"2005-08-22"
29,"Antitrust Tomatoes",168,1,"Action",27.93,10,3.99,"2005-08-21"
30,"Anything Savannah",82,11,"Horror",43.92,9,5.49,"2005-08-22"
31,"Apache Divine",92,8,"Family",160.72,31,5.74,"2005-08-23"
32,"Apocalypse Flamingos",119,13,"New",24.95,6,4.99,"2005-08-23"
33,"Apollo Teen",153,7,"Drama",0.00,0,0.00,NULL
34,"Arabia Dogma",62,11,"Horror",21.88,13,1.82,"2005-08-20"
35,"Arachnophobia Rollercoaster",147,11,"Horror",109.77,24,4.77,"2005-08-22"
36,"Argonauts Town",127,2,"Animation",0.00,0,0.00,NULL
37,"Arizona Bang",121,4,"Classics",104.79,21,4.99,"2005-08-23"
38,"Ark Ridgemont",68,1,"Action",0.00,0,0.00,NULL
39,"Armageddon Lost",99,14,"Sci-Fi",41.80,21,2.09,"2006-02-14"
40,"Army Flintstones",148,6,"Documentary",36.86,16,2.63,"2005-08-22"
41,"Arsenic Independence",137,16,"Travel",0.00,0,0.00,NULL
42,"Artist Coldblooded",170,15,"Sports",59.86,16,4.28,"2005-08-22"
43,"Atlantis Cause",170,8,"Family",75.79,24,3.61,"2005-08-19"
44,"Attacks Hate",113,14,"Sci-Fi",101.84,16,6.37,"2005-08-23"
45,"Attraction Newton",83,13,"New",133.78,24,6.08,"2005-08-21"
46,"Autumn Crow",108,10,"Games",74.90,11,7.49,"2005-08-21"
47,"Baby Hall",153,9,"Foreign",40.93,8,5.85,"2005-08-22"
48,"Backlash Undefeated",118,3,"Children",140.84,19,8.80,"2005-08-23"
49,"Badman Dawn",162,14,"Sci-Fi",76.79,21,3.66,"2005-08-23"
50,"Baked Cleopatra",182,8,"Family",76.85,16,5.12,"2006-02-14"
51,"Balloon Homeward",75,12,"Music",91.78,23,4.17,"2005-08-23"
52,"Ballroom Mockingbird",173,9,"Foreign",9.93,8,1.42,"2005-08-22"
53,"Bang Kwai",87,8,"Family",22.93,7,3.28,"2006-02-14"
54,"Banger Pinocchio",113,12,"Music",40.80,22,2.04,"2005-08-23"
55,"Barbarella Streetcar",65,14,"Sci-Fi",84.78,25,3.85,"2005-08-23"
56,"Barefoot Manchurian",129,1,"Action",59.83,18,3.52,"2005-08-23"
57,"Basic Easy",90,16,"Travel",87.80,21,4.39,"2006-02-14"
58,"Beach Heartbreakers",122,6,"Documentary",55.86,17,3.99,"2005-08-23"
59,"Bear Graceland",160,3,"Children",93.81,22,4.94,"2005-08-23"
60,"Beast Hunchback",89,4,"Classics",69.90,11,6.99,"2005-08-22"
61,"Beauty Grease",175,7,"Drama",125.79,22,5.99,"2005-08-23"
62,"Bed Highball",106,6,"Documentary",24.94,6,4.16,"2005-08-18"
63,"Bedazzled Married",73,8,"Family",14.88,13,1.24,"2005-08-23"
64,"Beethoven Exorcist",151,7,"Drama",16.89,11,1.54,"2005-08-20"
65,"Behavior Runaway",100,11,"Horror",87.89,13,7.99,"2005-08-22"
66,"Beneath Rush",53,3,"Children",16.90,10,1.69,"2005-08-20"
67,"Berets Agent",77,1,"Action",72.80,21,3.83,"2006-02-14"
68,"Betrayed Rear",122,3,"Children",79.87,15,6.14,"2005-08-21"
69,"Beverly Outlaw",85,14,"Sci-Fi",115.79,21,5.51,"2005-08-23"
70,"Bikini Borrowers",142,2,"Animation",79.86,17,5.70,"2005-08-22"
71,"Bilko Anonymous",100,8,"Family",94.88,13,7.91,"2005-08-23"
72,"Bill Others",93,6,"Documentary",63.82,19,3.55,"2005-08-23"
73,"Bingo Talented",150,14,"Sci-Fi",119.75,29,4.79,"2005-08-22"
74,"Birch Antitrust",162,12,"Music",74.89,11,6.81,"2005-08-23"
75,"Bird Independence",163,16,"Travel",53.91,11,5.99,"2005-08-23"
76,"Birdcage Casper",103,12,"Music",23.91,9,2.66,"2005-08-20"
77,"Birds Perdition",61,13,"New",102.83,18,6.05,"2005-08-23"
78,"Blackout Private",85,2,"Animation",78.77,27,3.42,"2005-08-23"
79,"Blade Polish",114,7,"Drama",29.81,22,1.49,"2006-02-14"
80,"Blanket Beverly",148,8,"Family",33.90,12,3.39,"2006-02-14"
81,"Blindness Gun",103,14,"Sci-Fi",71.87,14,5.53,"2005-08-23"
82,"Blood Argonauts",71,8,"Family",30.93,10,4.42,"2005-08-22"
83,"Blues Instinct",50,8,"Family",75.82,21,4.21,"2005-08-23"
84,"Boiled Dares",102,16,"Travel",66.87,15,5.14,"2005-08-21"
85,"Bonnie Holocaust",63,6,"Documentary",31.85,16,2.12,"2005-08-21"
86,"Boogie Amelie",121,12,"Music",140.74,29,5.63,"2006-02-14"
87,"Boondock Ballroom",76,16,"Travel",0.00,0,0.00,NULL
88,"Born Spinal",179,16,"Travel",59.88,12,4.99,"2005-08-23"
89,"Borrowers Bedazzled",63,2,"Animation",25.80,22,1.29,"2005-08-23"
90,"Boulevard Mob",63,13,"New",56.84,18,3.55,"2006-02-14"
91,"Bound Cheaper",98,4,"Classics",50.76,24,2.12,"2006-02-14"
92,"Bowfinger Gables",72,11,"Horror",56.89,11,5.17,"2005-08-19"
93,"Brannigan Sunrise",121,13,"New",56.91,12,6.32,"2005-08-23"
94,"Braveheart Human",176,8,"Family",16.95,5,3.39,"2005-08-20"
95,"Breakfast Goldfinger",123,13,"New",104.84,17,6.55,"2005-08-23"
96,"Breaking Home",169,13,"New",41.90,13,4.19,"2005-08-19"
97,"Bride Intrigue",56,1,"Action",20.82,19,1.16,"2005-08-23"
98,"Bright Encounters",73,7,"Drama",87.88,13,7.32,"2005-08-22"
99,"Bringing Hysterical",136,5,"Comedy",68.81,20,3.62,"2005-08-23"
100,"Brooklyn Desert",161,9,"Foreign",106.81,21,5.62,"2005-08-22"
101,"Brotherhood Blanket",73,6,"Documentary",98.77,26,4.29,"2005-08-22"
102,"Bubble Grosse",60,15,"Sports",35.94,6,5.99,"2006-02-14"
103,"Bucket Brotherhood",133,16,"Travel",150.72,34,5.38,"2005-08-23"
104,"Bugsy Song",119,9,"Foreign",45.91,11,5.10,"2005-08-21"
105,"Bull Shawshank",125,1,"Action",21.84,16,1.37,"2006-02-14"
106,"Bulworth Commandments",61,10,"Games",32.93,7,4.70,"2005-08-22"
107,"Bunch Minds",63,7,"Drama",25.95,5,5.19,"2005-08-21"
108,"Butch Panther",67,13,"New",0.00,0,0.00,NULL
109,"Butterfly Chocolat",89,13,"New",108.74,30,4.18,"2005-08-22"
110,"Cabin Flash",53,3,"Children",39.86,15,2.85,"2005-08-21"
111,"Caddyshack Jedi",52,1,"Action",46.86,16,3.35,"2005-08-23"
112,"Calendar Gunfight",120,9,"Foreign",123.82,21,6.88,"2005-08-23"
113,"California Birds",75,15,"Sports",73.89,12,6.72,"2005-08-23"
114,"Camelot Vacation",61,14,"Sci-Fi",93.76,27,3.91,"2006-02-14"
115,"Campus Remember",167,1,"Action",81.83,19,4.81,"2005-08-22"
116,"Candidate Perdition",70,4,"Classics",88.82,18,5.22,"2006-02-14"
117,"Candles Grapes",135,10,"Games",111.80,23,5.59,"2005-08-22"
118,"Canyon Stock",85,2,"Animation",27.81,19,1.46,"2006-02-14"
119,"Caper Motions",176,5,"Comedy",37.77,24,1.64,"2005-08-23"
120,"Caribbean Liberty",92,15,"Sports",66.92,9,8.37,"2005-08-23"
121,"Carol Texas",151,2,"Animation",79.83,18,4.70,"2005-08-23"
122,"Carrie Bunch",114,11,"Horror",34.77,23,1.51,"2005-08-23"
123,"Casablanca Super",85,16,"Travel",82.84,16,5.18,"2005-08-23"
124,"Casper Dragonfly",163,3,"Children",45.93,8,6.56,"2005-08-21"
125,"Cassidy Wyoming",61,16,"Travel",23.94,6,3.99,"2005-08-23"
126,"Casualties Encino",179,1,"Action",61.92,9,7.74,"2005-08-21"
127,"Cat Coneheads",112,5,"Comedy",159.73,30,5.92,"2006-02-14"
128,"Catch Amistad",183,9,"Foreign",0.00,0,0.00,NULL
129,"Cause Date",179,6,"Documentary",114.81,21,6.04,"2005-08-23"
130,"Celebrity Horn",110,1,"Action",28.79,24,1.37,"2005-08-23"
131,"Center Dinosaur",152,4,"Classics",121.79,24,5.80,"2006-02-14"
132,"Chainsaw Uptown",114,14,"Sci-Fi",31.81,21,1.67,"2005-08-23"
133,"Chamber Italian",117,12,"Music",65.88,13,5.07,"2006-02-14"
134,"Champion Flatliners",51,2,"Animation",62.90,13,6.29,"2005-08-23"
135,"Chance Resurrection",70,15,"Sports",124.76,27,5.20,"2005-08-23"
136,"Chaplin License",146,13,"New",23.92,8,2.99,"2005-08-20"
137,"Charade Duffel",66,14,"Sci-Fi",66.87,15,5.14,"2005-08-23"
138,"Chariots Conspiracy",71,14,"Sci-Fi",65.81,21,3.46,"2005-08-22"
139,"Chasing Fight",114,8,"Family",105.82,20,5.57,"2006-02-14"
140,"Cheaper Clyde",87,14,"Sci-Fi",30.83,20,1.81,"2005-08-22"
141,"Chicago North",185,10,"Games",84.85,16,5.66,"2005-08-21"
142,"Chicken Hellfighters",122,6,"Documentary",58.81,22,3.10,"2005-08-23"
143,"Chill Luck",142,7,"Drama",29.79,22,1.42,"2005-08-23"
144,"Chinatown Gladiator",61,13,"New",0.00,0,0.00,NULL
145,"Chisum Behavior",124,8,"Family",50.90,13,5.09,"2005-08-20"
146,"Chitty Lock",107,7,"Drama",28.92,8,3.62,"2006-02-14"
147,"Chocolat Harry",101,8,"Family",49.81,20,2.62,"2005-08-20"
148,"Chocolate Duck",132,9,"Foreign",0.00,0,0.00,NULL
149,"Christmas Moonshine",150,3,"Children",26.81,21,1.41,"2005-08-22"
150,"Cider Desire",101,6,"Documentary",56.83,19,3.34,"2005-08-23"
151,"Cincinatti Whisperer",143,14,"Sci-Fi",71.89,13,6.54,"2006-02-14"
152,"Circus Youth",90,3,"Children",53.86,15,3.85,"2005-08-23"
153,"Citizen Shrek",165,14,"Sci-Fi",21.87,13,1.68,"2005-08-23"
154,"Clash Freddy",81,2,"Animation",77.77,25,3.38,"2005-08-23"
155,"Cleopatra Devil",150,13,"New",27.85,18,1.74,"2006-02-14"
156,"Clerks Angels",164,6,"Documentary",45.94,7,7.66,"2005-08-21"
157,"Clockwork Paradise",143,3,"Children",11.90,10,1.19,"2005-08-23"
158,"Clones Pinocchio",124,12,"Music",59.83,19,3.52,"2005-08-22"
159,"Closer Bang",58,5,"Comedy",152.76,28,6.37,"2005-08-22"
160,"Club Graffiti",65,2,"Animation",38.82,19,2.28,"2006-02-14"
161,"Clue Grail",70,12,"Music",40.93,7,5.85,"2005-08-18"
162,"Clueless Bucket",95,1,"Action",105.77,25,4.60,"2005-08-23"
163,"Clyde Theory",139,13,"New",23.92,8,2.99,"2005-08-23"
164,"Coast Rainbow",55,6,"Documentary",37.82,21,2.10,"2005-08-23"
165,"Coldblooded Darling",70,14,"Sci-Fi",89.84,16,5.62,"2005-08-23"
166,"Color Philadelphia",149,4,"Classics",87.78,24,3.99,"2005-08-23"
167,"Coma Head",109,16,"Travel",122.77,26,5.34,"2005-08-23"
168,"Comancheros Enemy",67,3,"Children",9.94,6,1.66,"2005-08-23"
169,"Comforts Rush",76,16,"Travel",69.85,17,4.66,"2005-08-19"
170,"Command Darling",120,9,"Foreign",107.84,16,6.74,"2005-08-22"
171,"Commandments Express",59,11,"Horror",0.00,0,0.00,NULL
172,"Coneheads Smoochy",112,7,"Drama",131.76,25,5.49,"2005-08-23"
173,"Confessions Maguire",65,7,"Drama",70.87,14,5.45,"2005-08-22"
174,"Confidential Interview",180,12,"Music",136.76,29,5.70,"2005-08-23"
175,"Confused Candles",122,8,"Family",99.84,17,6.24,"2005-08-20"
176,"Congeniality Quest",87,15,"Sports",31.81,22,1.67,"2005-08-22"
177,"Connecticut Tramp",172,14,"Sci-Fi",75.89,13,6.90,"2005-08-22"
178,"Connection Microcosmos",115,5,"Comedy",8.95,7,1.79,"2006-02-14"
179,"Conquerer Nuts",173,7,"Drama",84.87,16,6.53,"2005-08-22"
180,"Conspiracy Spirit",184,4,"Classics",16.95,5,3.39,"2005-08-18"
181,"Contact Anonymous",166,16,"Travel",78.76,26,3.28,"2005-08-21"
182,"Control Anthem",185,5,"Comedy",31.94,7,5.32,"2005-08-22"
183,"Conversation Downhill",112,8,"Family",114.83,17,6.75,"2006-02-14"
184,"Core Suit",92,4,"Classics",92.84,18,5.80,"2005-08-23"
185,"Cowboy Doom",146,9,"Foreign",28.93,7,4.13,"2005-08-22"
186,"Craft Outfield",64,7,"Drama",18.86,16,1.35,"2005-08-21"
187,"Cranes Reservoir",57,15,"Sports",33.91,11,3.77,"2005-08-22"
188,"Crazy Home",136,5,"Comedy",26.91,9,2.99,"2005-08-22"
189,"Creatures Shakespeare",139,10,"Games",56.84,16,3.55,"2006-02-14"
190,"Creepers Kane",172,4,"Classics",77.87,14,5.99,"2005-08-23"
191,"Crooked Frogmen",143,3,"Children",38.79,23,1.85,"2006-02-14"
192,"Crossing Divorce",50,9,"Foreign",0.00,0,0.00,NULL
193,"Crossroads Casualties",153,2,"Animation",74.80,21,3.74,"2005-08-23"
194,"Crow Grease",104,1,"Action",14.89,12,1.35,"2005-08-23"
195,"Crowds Telemark",112,14,"Sci-Fi",0.00,0,0.00,NULL
196,"Cruelty Unforgiven",69,4,"Classics",6.94,7,1.16,"2005-08-23"
197,"Crusade Honey",112,15,"Sports",44.93,8,6.42,"2005-08-23"
198,"Crystal Breaking",184,9,"Foreign",0.00,0,0.00,NULL
199,"Cupboard Sinners",56,6,"Documentary",103.78,23,4.72,"2005-08-22"
200,"Curtain Videotape",133,10,"Games",34.77,27,1.45,"2006-02-14"
201,"Cyclone Family",176,9,"Foreign",43.87,15,3.13,"2006-02-14"
202,"Daddy Pittsburgh",161,5,"Comedy",63.89,13,5.81,"2005-08-22"
203,"Daisy Menagerie",84,14,"Sci-Fi",85.86,16,6.13,"2005-08-22"
204,"Dalmations Sweden",106,7,"Drama",54.82,20,3.05,"2005-08-21"
205,"Dances None",58,1,"Action",28.87,14,2.22,"2006-02-14"
206,"Dancing Fever",144,6,"Documentary",49.76,27,2.07,"2005-08-22"
207,"Dangerous Uptown",121,9,"Foreign",66.88,12,5.57,"2005-08-23"
208,"Dares Pluto",89,2,"Animation",26.92,9,3.37,"2005-08-18"
209,"Darkness War",99,7,"Drama",45.88,13,3.82,"2005-08-22"
210,"Darko Dorado",130,1,"Action",72.90,11,7.29,"2005-08-23"
211,"Darling Breaking",165,10,"Games",44.92,9,5.62,"2005-08-21"
212,"Darn Forrester",185,1,"Action",87.83,18,5.17,"2005-08-23"
213,"Date Speed",104,8,"Family",41.88,13,3.49,"2005-08-21"
214,"Daughter Madigan",59,3,"Children",69.91,9,7.77,"2005-08-23"
215,"Dawn Pond",57,10,"Games",120.83,18,7.11,"2005-08-23"
216,"Day Unfaithful",113,13,"New",93.88,14,7.82,"2006-02-14"
217,"Dazed Punk",120,10,"Games",0.00,0,0.00,NULL
218,"Deceiver Betrayed",122,7,"Drama",24.80,21,1.24,"2005-08-22"
219,"Deep Crusade",51,6,"Documentary",75.87,14,5.84,"2006-02-14"
220,"Deer Virginian",106,12,"Music",78.76,29,3.15,"2006-02-14"
221,"Deliverance Mulholland",100,6,"Documentary",0.00,0,0.00,NULL
222,"Desert Poseidon",64,11,"Horror",118.81,19,6.25,"2005-08-23"
223,"Desire Alien",76,2,"Animation",25.92,8,3.24,"2005-08-22"
224,"Desperate Trainspotting",81,16,"Travel",31.94,6,5.32,"2005-08-22"
225,"Destination Jerk",76,7,"Drama",31.92,8,3.99,"2005-08-21"
226,"Destiny Saturday",56,13,"New",91.85,16,6.12,"2005-08-21"
227,"Details Packer",88,10,"Games",128.82,19,7.16,"2006-02-14"
228,"Detective Vision",143,4,"Classics",62.76,27,2.62,"2006-02-14"
229,"Devil Desire",87,1,"Action",78.86,15,5.63,"2006-02-14"
230,"Diary Panic",107,7,"Drama",24.92,9,3.12,"2005-08-20"
231,"Dinosaur Secretary",63,8,"Family",67.81,20,3.57,"2005-08-23"
232,"Dirty Ace",147,10,"Games",47.87,15,3.68,"2005-08-21"
233,"Disciple Mother",141,16,"Travel",39.82,19,2.21,"2006-02-14"
234,"Disturbing Scarface",94,14,"Sci-Fi",77.77,26,3.38,"2005-08-22"
235,"Divide Monster",68,14,"Sci-Fi",61.80,21,3.09,"2005-08-20"
236,"Divine Resurrection",100,10,"Games",64.85,15,4.32,"2006-02-14"
237,"Divorce Shining",47,15,"Sports",21.95,7,4.39,"2005-08-22"
238,"Doctor Grail",57,3,"Children",23.95,7,4.79,"2005-08-20"
239,"Dogma Family",122,2,"Animation",168.72,30,6.03,"2005-08-23"
240,"Dolls Rage",120,14,"Sci-Fi",27.92,9,3.49,"2005-08-22"
241,"Donnie Alley",125,2,"Animation",34.87,14,2.68,"2005-08-22"
242,"Doom Dancing",68,5,"Comedy",58.83,21,3.46,"2005-08-22"
243,"Doors President",49,2,"Animation",118.82,19,6.60,"2006-02-14"
244,"Dorado Notting",139,12,"Music",140.78,27,6.40,"2005-08-23"
245,"Double Wrath",177,2,"Animation",56.79,25,2.70,"2005-08-23"
246,"Doubtfire Labyrinth",154,9,"Foreign",52.91,10,5.88,"2005-08-21"
247,"Downhill Enough",47,5,"Comedy",72.79,25,3.47,"2005-08-23"
248,"Dozen Lion",177,6,"Documentary",31.94,7,5.32,"2005-08-22"
249,"Dracula Crystal",176,4,"Classics",22.81,21,1.20,"2005-08-23"
250,"Dragon Squad",170,1,"Action",27.89,11,2.54,"2005-08-23"
251,"Dragonfly Strangers",133,13,"New",80.86,18,5.78,"2006-02-14"
252,"Dream Pickup",135,1,"Action",73.80,22,3.69,"2005-08-22"
253,"Drifter Commandments",61,1,"Action",131.78,24,5.99,"2006-02-14"
254,"Driver Annie",159,15,"Sports",62.84,18,3.93,"2006-02-14"
255,"Driving Polish",175,12,"Music",105.81,21,5.57,"2005-08-22"
256,"Drop Waterfront",178,15,"Sports",43.92,9,5.49,"2005-08-22"
257,"Drumline Cyclone",110,16,"Travel",36.90,11,3.69,"2005-08-21"
258,"Drums Dynamite",96,11,"Horror",24.87,13,1.91,"2005-08-22"
259,"Duck Racer",116,2,"Animation",20.95,6,4.19,"2005-08-23"
260,"Dude Blindness",132,15,"Sports",90.87,16,6.99,"2005-08-23"
261,"Duffel Apocalypse",171,6,"Documentary",5.94,7,0.99,"2005-08-21"
262,"Dumbo Lust",119,8,"Family",13.94,6,2.32,"2005-08-23"
263,"Durham Panky",154,15,"Sports",132.76,26,5.53,"2005-08-22"
264,"Dwarfs Alter",101,10,"Games",28.92,9,3.62,"2006-02-14"
265,"Dying Maker",168,5,"Comedy",83.85,17,5.59,"2005-08-21"
266,"Dynamite Tarzan",141,4,"Classics",60.77,25,2.64,"2005-08-23"
267,"Eagles Panky",140,13,"New",134.81,22,7.10,"2006-02-14"
268,"Early Home",96,2,"Animation",36.94,7,6.16,"2005-08-21"
269,"Earring Instinct",98,8,"Family",60.83,19,3.58,"2005-08-23"
270,"Earth Vision",85,13,"New",34.77,23,1.51,"2006-02-14"
271,"Easy Gladiator",148,1,"Action",132.80,23,6.64,"2005-08-21"
272,"Edge Kissing",153,7,"Drama",79.87,15,6.14,"2005-08-23"
273,"Effect Gladiator",107,8,"Family",40.79,25,1.94,"2006-02-14"
274,"Egg Igby",67,6,"Documentary",98.81,21,5.20,"2005-08-22"
275,"Egypt Tenenbaums",85,11,"Horror",66.84,17,4.18,"2005-08-22"
276,"Element Freddy",115,5,"Comedy",56.90,10,5.69,"2005-08-23"
277,"Elephant Trojan",126,11,"Horror",64.90,14,6.49,"2005-08-22"
278,"Elf Murder",155,12,"Music",34.94,7,5.82,"2005-08-21"
279,"Elizabeth Shane",152,15,"Sports",36.93,10,5.28,"2005-08-21"
280,"Empire Malkovich",177,3,"Children",26.81,21,1.41,"2005-08-20"
281,"Encino Elf",143,10,"Games",27.81,19,1.46,"2006-02-14"
282,"Encounters Curtain",92,7,"Drama",38.82,19,2.16,"2005-08-23"
283,"Ending Crowds",85,13,"New",17.90,11,1.79,"2005-08-21"
284,"Enemy Odds",77,12,"Music",159.75,29,6.39,"2005-08-21"
285,"English Bulworth",51,14,"Sci-Fi",99.74,30,3.84,"2005-08-23"
286,"Enough Raging",158,16,"Travel",51.84,18,3.24,"2006-02-14"
287,"Entrapment Satisfaction",176,1,"Action",42.87,15,3.30,"2005-08-23"
288,"Escape Metropolis",167,16,"Travel",74.77,25,3.25,"2005-08-23"
289,"Eve Resurrection",66,13,"New",40.93,7,5.85,"2005-08-18"
290,"Everyone Craft",163,9,"Foreign",22.89,13,2.08,"2005-08-23"
291,"Evolution Alter",174,15,"Sports",26.88,12,2.24,"2005-08-20"
292,"Excitement Eve",51,1,"Action",61.80,21,3.09,"2005-08-22"
293,"Exorcist Sting",167,15,"Sports",49.88,13,4.16,"2005-08-21"
294,"Expecations Natural",138,16,"Travel",101.83,18,5.99,"2005-08-22"
295,"Expendable Stallion",97,6,"Documentary",94.74,28,3.64,"2005-08-23"
296,"Express Lonely",178,14,"Sci-Fi",42.88,13,3.57,"2005-08-23"
297,"Extraordinary Conquerer",122,4,"Classics",22.94,6,3.82,"2005-08-23"
298,"Eyes Driving",172,14,"Sci-Fi",68.84,19,4.30,"2005-08-21"
299,"Factory Dragon",144,16,"Travel",30.85,17,2.06,"2005-08-19"
300,"Falcon Volume",102,2,"Animation",106.81,22,5.93,"2006-02-14"
301,"Family Sweet",155,11,"Horror",60.73,29,2.34,"2006-02-14"
302,"Fantasia Park",131,10,"Games",73.81,19,3.88,"2005-08-23"
303,"Fantasy Troopers",58,1,"Action",35.79,26,1.70,"2005-08-22"
304,"Fargo Gandhi",130,3,"Children",94.79,24,4.51,"2005-08-22"
305,"Fatal Haunted",91,13,"New",92.77,28,4.03,"2005-08-22"
306,"Feathers Metal",104,10,"Games",31.91,11,3.55,"2005-08-21"
307,"Fellowship Autumn",77,16,"Travel",137.76,26,5.74,"2005-08-22"
308,"Ferris Mother",142,5,"Comedy",70.85,17,4.72,"2005-08-22"
309,"Feud Frogmen",98,8,"Family",31.80,25,1.59,"2005-08-22"
310,"Fever Empire",158,10,"Games",33.95,5,6.79,"2005-08-18"
311,"Fiction Christmas",72,9,"Foreign",58.81,19,3.10,"2005-08-23"
312,"Fiddler Lost",75,14,"Sci-Fi",64.90,10,6.49,"2005-08-23"
313,"Fidelity Devil",118,11,"Horror",117.82,21,6.55,"2005-08-23"
314,"Fight Jawbreaker",91,2,"Animation",53.80,22,2.69,"2006-02-14"
315,"Finding Anaconda",156,8,"Family",26.90,12,2.69,"2005-08-21"
316,"Fire Wolves",173,10,"Games",39.93,7,5.70,"2005-08-20"
317,"Fireball Philadelphia",148,5,"Comedy",57.81,21,3.04,"2005-08-22"
318,"Firehouse Vietnam",103,1,"Action",0.00,0,0.00,NULL
319,"Fish Opus",125,14,"Sci-Fi",94.78,25,4.31,"2005-08-23"
320,"Flamingos Connecticut",80,13,"New",134.78,23,6.13,"2005-08-22"
321,"Flash Wars",123,13,"New",87.88,13,7.32,"2005-08-23"
322,"Flatliners Killer",100,15,"Sports",74.81,22,3.94,"2005-08-22"
323,"Flight Lies",179,15,"Sports",68.88,12,5.74,"2005-08-21"
324,"Flintstones Happiness",148,5,"Comedy",134.83,17,7.93,"2005-08-22"
325,"Floats Garden",145,2,"Animation",0.00,0,0.00,NULL
326,"Flying Hook",69,2,"Animation",77.81,20,4.10,"2006-02-14"
327,"Fool Mockingbird",158,1,"Action",162.79,23,7.75,"2005-08-22"
328,"Forever Candidate",131,3,"Children",40.88,13,3.41,"2005-08-23"
329,"Forrest Sons",63,1,"Action",83.83,18,4.93,"2005-08-23"
330,"Forrester Comancheros",112,2,"Animation",141.74,27,5.45,"2006-02-14"
331,"Forward Temple",90,10,"Games",102.74,32,3.95,"2005-08-23"
332,"Frankenstein Stranger",159,5,"Comedy",0.00,0,0.00,NULL
333,"Freaky Pocus",126,12,"Music",43.86,17,3.13,"2005-08-22"
334,"Freddy Storm",65,11,"Horror",115.79,23,5.51,"2005-08-23"
335,"Freedom Cleopatra",133,5,"Comedy",5.95,5,1.19,"2005-08-21"
336,"French Holiday",99,6,"Documentary",94.84,17,5.93,"2005-08-22"
337,"Frida Slipper",73,9,"Foreign",40.90,11,3.72,"2006-02-14"
338,"Frisco Forrest",51,14,"Sci-Fi",53.91,9,5.99,"2006-02-14"
339,"Frogmen Breaking",111,16,"Travel",16.90,10,1.69,"2005-08-19"
340,"Frontier Cabin",183,13,"New",35.94,6,5.99,"2005-08-21"
341,"Frost Head",82,4,"Classics",74.72,30,2.67,"2006-02-14"
342,"Fugitive Maguire",83,16,"Travel",56.89,11,5.17,"2005-08-23"
343,"Full Flatliners",94,3,"Children",16.95,5,3.39,"2005-08-21"
344,"Fury Murder",178,3,"Children",58.83,19,3.46,"2005-08-22"
345,"Gables Metropolis",161,8,"Family",47.83,19,2.81,"2006-02-14"
346,"Galaxy Sweethearts",128,4,"Classics",105.84,18,6.62,"2005-08-22"
347,"Games Bowfinger",119,16,"Travel",62.88,14,5.24,"2005-08-23"
348,"Gandhi Kwai",86,8,"Family",16.87,17,1.30,"2005-08-22"
349,"Gangs Pride",185,2,"Animation",95.78,27,4.35,"2005-08-23"
350,"Garden Island",80,14,"Sci-Fi",134.82,20,7.49,"2005-08-23"
351,"Gaslight Crusade",106,11,"Horror",62.84,16,3.93,"2005-08-23"
352,"Gathering Calendar",176,10,"Games",19.90,11,1.99,"2005-08-22"
353,"Gentlemen Stage",125,9,"Foreign",70.80,23,3.54,"2005-08-22"
354,"Ghost Groundhog",85,3,"Children",107.81,21,5.67,"2006-02-14"
355,"Ghostbusters Elf",101,2,"Animation",8.93,9,1.28,"2005-08-23"
356,"Giant Troopers",102,3,"Children",100.74,28,3.87,"2005-08-22"
357,"Gilbert Pelican",114,4,"Classics",17.91,9,1.99,"2005-08-23"
358,"Gilmore Boiled",163,4,"Classics",52.76,28,2.20,"2005-08-22"
359,"Gladiator Westward",173,8,"Family",0.00,0,0.00,NULL
360,"Glass Dying",103,1,"Action",35.88,14,2.99,"2005-08-23"
361,"Gleaming Jawbreaker",89,15,"Sports",125.72,29,4.66,"2006-02-14"
362,"Glory Tracy",115,10,"Games",14.95,5,2.99,"2005-08-23"
363,"Go Purple",54,12,"Music",43.83,20,2.58,"2005-08-23"
364,"Godfather Diary",73,13,"New",37.92,8,4.74,"2005-08-22"
365,"Gold River",154,5,"Comedy",94.86,14,6.78,"2005-08-22"
366,"Goldfinger Sensibility",93,7,"Drama",67.79,24,3.23,"2005-08-22"
367,"Goldmine Tycoon",153,14,"Sci-Fi",43.76,27,1.82,"2005-08-22"
368,"Gone Trouble",84,7,"Drama",29.92,10,3.74,"2005-08-22"
369,"Goodfellas Salute",56,14,"Sci-Fi",164.75,31,6.59,"2005-08-23"
370,"Gorgeous Bingo",108,3,"Children",94.83,19,5.58,"2006-02-14"
371,"Gosford Donnie",129,1,"Action",48.92,8,6.12,"2005-08-22"
372,"Graceland Dynamite",140,15,"Sports",37.94,6,6.32,"2005-08-17"
373,"Graduate Lord",156,3,"Children",42.87,16,3.30,"2005-08-22"
374,"Graffiti Love",117,14,"Sci-Fi",67.74,30,2.61,"2005-08-23"
375,"Grail Frankenstein",85,1,"Action",40.92,10,5.12,"2006-02-14"
376,"Grapes Fury",155,9,"Foreign",56.77,22,2.58,"2006-02-14"
377,"Grease Youth",135,8,"Family",27.80,21,1.39,"2005-08-23"
378,"Greatest North",93,12,"Music",103.73,29,3.84,"2005-08-23"
379,"Greedy Roots",166,7,"Drama",14.87,14,1.14,"2005-08-23"
380,"Greek Everyone",176,9,"Foreign",55.83,17,3.28,"2005-08-19"
381,"Grinch Massage",150,10,"Games",76.86,14,5.49,"2005-08-22"
382,"Grit Clockwork",137,10,"Games",97.72,32,3.49,"2005-08-23"
383,"Groove Fiction",111,15,"Sports",40.83,18,2.40,"2005-08-21"
384,"Grosse Wonderful",49,12,"Music",46.92,8,5.87,"2005-08-21"
385,"Groundhog Uncut",139,5,"Comedy",78.86,18,5.63,"2006-02-14"
386,"Gump Date",53,16,"Travel",0.00,0,0.00,NULL
387,"Gun Bonnie",100,10,"Games",30.79,25,1.47,"2005-08-22"
388,"Gunfight Moon",70,5,"Comedy",46.79,24,2.23,"2006-02-14"
389,"Gunfighter Mussolini",127,15,"Sports",64.89,12,5.90,"2005-08-23"
390,"Guys Falcon",84,14,"Sci-Fi",52.92,9,6.62,"2005-08-22"
391,"Half Outfield",146,8,"Family",73.79,26,3.35,"2006-02-14"
392,"Hall Cassidy",51,3,"Children",98.84,16,6.18,"2005-08-23"
393,"Halloween Nuts",47,6,"Documentary",29.92,10,3.74,"2005-08-23"
394,"Hamlet Wisdom",146,14,"Sci-Fi",39.88,14,3.32,"2005-08-20"
395,"Handicap Boondock",108,1,"Action",50.76,28,2.12,"2005-08-22"
396,"Hanging Deep",62,7,"Drama",92.85,19,6.19,"2005-08-20"
397,"Hanky October",107,14,"Sci-Fi",104.77,26,4.56,"2005-08-23"
398,"Hanover Galaxy",47,12,"Music",81.86,17,5.85,"2005-08-20"
399,"Happiness United",100,9,"Foreign",22.94,6,3.82,"2006-02-14"
400,"Hardly Robbers",72,6,"Documentary",15.96,4,3.99,"2005-08-22"
401,"Harold French",168,7,"Drama",8.93,8,1.28,"2005-08-21"
402,"Harper Dying",52,2,"Animation",77.80,20,3.89,"2005-08-23"
403,"Harry Idaho",121,7,"Drama",177.73,30,6.58,"2006-02-14"
404,"Hate Handicap",107,5,"Comedy",0.00,0,0.00,NULL
405,"Haunted Antitrust",76,16,"Travel",31.94,6,5.32,"2006-02-14"
406,"Haunting Pianist",181,10,"Games",47.80,22,2.39,"2005-08-23"
407,"Hawk Chill",47,6,"Documentary",12.94,7,2.16,"2005-08-20"
408,"Head Stranger",69,10,"Games",142.79,22,6.80,"2005-08-23"
409,"Heartbreakers Bright",59,3,"Children",132.80,20,6.64,"2005-08-23"
410,"Heaven Freedom",48,5,"Comedy",49.85,18,3.32,"2005-08-23"
411,"Heavenly Gun",49,12,"Music",32.94,7,5.49,"2005-08-19"
412,"Heavyweights Beast",102,6,"Documentary",123.78,23,5.63,"2005-08-23"
413,"Hedwig Alter",169,5,"Comedy",31.90,12,3.19,"2005-08-23"
414,"Hellfighters Sierra",75,9,"Foreign",92.81,20,4.88,"2005-08-23"
415,"High Encino",84,11,"Horror",117.79,22,5.61,"2005-08-22"
416,"Highball Potter",110,9,"Foreign",27.81,21,1.46,"2005-08-23"
417,"Hills Neighbors",93,1,"Action",58.79,25,2.80,"2005-08-23"
418,"Hobbit Alien",157,7,"Drama",68.74,31,2.64,"2005-08-22"
419,"Hocus Frida",141,8,"Family",0.00,0,0.00,NULL
420,"Holes Brannigan",128,15,"Sports",75.86,15,5.06,"2006-02-14"
421,"Holiday Games",78,9,"Foreign",82.85,15,5.52,"2005-08-23"
422,"Hollow Jeopardy",136,14,"Sci-Fi",39.92,10,4.99,"2005-08-22"
423,"Hollywood Anonymous",69,3,"Children",13.87,13,1.07,"2005-08-21"
424,"Holocaust Highball",149,3,"Children",23.84,17,1.49,"2005-08-22"
425,"Holy Tadpole",88,4,"Classics",17.92,9,2.24,"2005-08-20"
426,"Home Pity",185,12,"Music",66.88,14,5.57,"2005-08-21"
427,"Homeward Cider",103,6,"Documentary",23.84,16,1.49,"2005-08-21"
428,"Homicide Peach",141,8,"Family",59.82,22,3.32,"2005-08-23"
429,"Honey Ties",84,15,"Sports",59.84,19,3.74,"2005-08-23"
430,"Hook Chariots",49,2,"Animation",17.87,13,1.37,"2005-08-23"
431,"Hoosiers Birdcage",176,9,"Foreign",41.92,8,5.24,"2005-08-18"
432,"Hope Tootsie",139,4,"Classics",72.83,18,4.28,"2005-08-22"
433,"Horn Working",95,2,"Animation",109.77,24,4.77,"2005-08-23"
434,"Horror Reign",139,16,"Travel",77.75,27,3.11,"2005-08-23"
435,"Hotel Happiness",181,9,"Foreign",41.92,9,5.24,"2005-08-22"
436,"Hours Rage",122,13,"New",44.82,19,2.49,"2005-08-22"
437,"House Dynamite",109,8,"Family",65.80,23,3.29,"2005-08-23"
438,"Human Graffiti",68,10,"Games",80.85,15,5.39,"2005-08-22"
439,"Hunchback Impossible",151,7,"Drama",115.83,20,6.81,"2006-02-14"
440,"Hunger Roof",105,9,"Foreign",19.88,13,1.66,"2006-02-14"
441,"Hunter Alter",125,6,"Documentary",24.95,5,4.99,"2005-08-23"
442,"Hunting Musketeers",65,8,"Family",40.88,15,3.41,"2005-08-23"
443,"Hurricane Affair",49,5,"Comedy",82.77,24,3.60,"2005-08-21"
444,"Hustler Party",83,5,"Comedy",190.78,22,8.67,"2005-08-23"
445,"Hyde Doctor",100,4,"Classics",95.76,26,4.16,"2006-02-14"
446,"Hysterical Grail",150,15,"Sports",87.85,15,5.86,"2005-08-21"
447,"Ice Crossing",131,10,"Games",90.78,24,4.13,"2005-08-23"
448,"Idaho Love",172,13,"New",68.85,17,4.59,"2005-08-20"
449,"Identity Lover",119,14,"Sci-Fi",56.88,13,4.74,"2005-08-21"
450,"Idols Snatchers",84,3,"Children",88.76,30,3.70,"2005-08-23"
451,"Igby Maker",160,16,"Travel",89.83,19,5.28,"2006-02-14"
452,"Illusion Amelie",122,9,"Foreign",34.87,15,2.68,"2005-08-23"
453,"Image Princess",178,15,"Sports",76.86,14,5.49,"2005-08-23"
454,"Impact Aladdin",180,12,"Music",18.92,9,2.37,"2005-08-18"
455,"Impossible Prejudice",103,9,"Foreign",74.86,14,5.35,"2005-08-22"
456,"Inch Jet",167,2,"Animation",95.82,18,5.32,"2005-08-23"
457,"Independence Hotel",157,6,"Documentary",34.82,19,1.93,"2005-08-22"
458,"Indian Love",135,8,"Family",46.85,16,3.12,"2005-08-23"
459,"Informer Double",74,9,"Foreign",27.95,5,5.59,"2005-08-22"
460,"Innocent Usual",178,9,"Foreign",191.74,26,7.37,"2005-08-22"
461,"Insects Stone",123,2,"Animation",36.81,18,2.05,"2006-02-14"
462,"Insider Arizona",78,12,"Music",61.83,20,3.64,"2006-02-14"
463,"Instinct Airport",116,15,"Sports",69.83,18,4.11,"2005-08-23"
464,"Intentions Empire",107,2,"Animation",78.83,17,4.64,"2006-02-14"
465,"Interview Liaisons",59,13,"New",110.82,20,6.16,"2005-08-22"
466,"Intolerable Intentions",63,6,"Documentary",39.93,9,5.70,"2005-08-19"
467,"Intrigue Worst",181,9,"Foreign",36.81,20,1.94,"2006-02-14"
468,"Invasion Cyclone",97,3,"Children",100.74,27,3.87,"2005-08-23"
469,"Iron Moon",46,4,"Classics",50.90,11,5.09,"2005-08-23"
470,"Ishtar Rocketeer",79,2,"Animation",42.94,7,7.16,"2005-08-22"
471,"Island Exorcist",84,4,"Classics",76.77,26,3.34,"2005-08-23"
472,"Italian African",174,16,"Travel",38.94,6,6.49,"2005-08-23"
473,"Jacket Frisco",181,7,"Drama",71.84,18,4.49,"2005-08-21"
474,"Jade Bunch",174,15,"Sports",53.85,18,3.59,"2005-08-23"
475,"Japanese Run",135,11,"Horror",7.94,6,1.32,"2005-08-23"
476,"Jason Trap",130,8,"Family",97.77,24,4.25,"2006-02-14"
477,"Jawbreaker Brooklyn",118,12,"Music",10.91,10,1.21,"2005-08-21"
478,"Jaws Harry",112,5,"Comedy",59.87,14,4.61,"2005-08-21"
479,"Jedi Beneath",128,8,"Family",20.82,19,1.16,"2005-08-21"
480,"Jeepers Wedding",84,4,"Classics",70.87,16,5.45,"2005-08-23"
481,"Jekyll Frogmen",58,13,"New",78.84,17,4.93,"2005-08-23"
482,"Jeopardy Encino",102,4,"Classics",28.90,10,2.89,"2005-08-20"
483,"Jericho Mulan",171,10,"Games",95.84,17,5.99,"2005-08-23"
484,"Jerk Paycheck",172,4,"Classics",104.81,20,5.52,"2005-08-23"
485,"Jersey Sassy",60,3,"Children",39.94,6,6.66,"2005-08-18"
486,"Jet Neighbors",59,9,"Foreign",92.83,20,5.46,"2005-08-23"
487,"Jingle Sagebrush",124,4,"Classics",59.89,13,5.44,"2005-08-23"
488,"Joon Northwest",105,15,"Sports",37.84,17,2.37,"2005-08-23"
489,"Juggler Hardly",54,2,"Animation",86.71,32,2.99,"2006-02-14"
490,"Jumanji Blade",121,13,"New",30.92,8,3.87,"2005-08-19"
491,"Jumping Wrath",74,3,"Children",67.79,24,3.23,"2005-08-23"
492,"Jungle Closer",134,13,"New",23.88,13,1.99,"2005-08-19"
493,"Kane Exorcist",92,9,"Foreign",13.88,14,1.16,"2005-08-21"
494,"Karate Moon",120,11,"Horror",51.80,23,2.59,"2005-08-23"
495,"Kentuckian Giant",169,11,"Horror",0.00,0,0.00,NULL
496,"Kick Savannah",179,16,"Travel",48.83,20,2.87,"2006-02-14"
497,"Kill Brotherhood",54,6,"Documentary",0.00,0,0.00,NULL
498,"Killer Innocent",161,8,"Family",21.94,6,3.66,"2005-08-19"
499,"King Evolution",184,8,"Family",59.92,9,7.49,"2005-08-21"
500,"Kiss Glory",163,9,"Foreign",126.79,22,6.04,"2005-08-22"
501,"Kissing Dolls",141,1,"Action",120.83,20,7.11,"2005-08-23"
502,"Knock Warlock",71,5,"Comedy",99.79,24,4.75,"2005-08-22"
503,"Kramer Chocolate",171,15,"Sports",47.91,9,5.32,"2005-08-22"
504,"Kwai Homeward",46,7,"Drama",42.80,23,2.14,"2005-08-22"
505,"Labyrinth League",46,3,"Children",41.87,15,3.22,"2005-08-22"
506,"Lady Stage",67,11,"Horror",113.84,17,7.12,"2006-02-14"
507,"Ladybugs Armageddon",113,10,"Games",17.94,6,2.99,"2005-08-22"
508,"Lambs Cincinatti",144,10,"Games",57.90,10,5.79,"2005-08-22"
509,"Language Cowboy",78,3,"Children",18.90,11,1.89,"2005-08-19"
510,"Lawless Vision",181,2,"Animation",76.86,17,5.12,"2006-02-14"
511,"Lawrence Love",175,1,"Action",15.87,13,1.22,"2005-08-23"
512,"League Hellfighters",110,4,"Classics",105.83,17,6.23,"2005-08-21"
513,"Leathernecks Dwarfs",153,16,"Travel",21.94,7,3.66,"2005-08-18"
514,"Lebowski Soldiers",69,7,"Drama",62.82,21,3.49,"2005-08-23"
515,"Legally Secretary",113,3,"Children",39.92,9,4.99,"2005-08-22"
516,"Legend Jedi",59,12,"Music",12.92,9,1.62,"2005-08-21"
517,"Lesson Cleopatra",167,15,"Sports",22.94,7,3.82,"2005-08-23"
518,"Liaisons Sweet",140,16,"Travel",126.79,22,6.04,"2005-08-22"
519,"Liberty Magnificent",138,15,"Sports",67.89,12,6.17,"2005-08-23"
520,"License Weekend",91,14,"Sci-Fi",17.94,7,2.99,"2005-08-20"
521,"Lies Treatment",147,7,"Drama",131.76,27,5.49,"2005-08-20"
522,"Life Twisted",137,5,"Comedy",37.92,10,4.74,"2005-08-23"
523,"Lights Deer",174,4,"Classics",7.93,8,1.13,"2005-08-18"
524,"Lion Uncut",50,5,"Comedy",33.83,18,1.99,"2005-08-23"
525,"Loathing Legally",140,4,"Classics",62.74,27,2.41,"2006-02-14"
526,"Lock Rear",120,16,"Travel",42.86,16,3.06,"2005-08-23"
527,"Lola Agent",85,11,"Horror",154.77,24,6.73,"2005-08-22"
528,"Lolita World",155,8,"Family",45.91,10,5.10,"2005-08-23"
529,"Lonely Elephant",67,5,"Comedy",65.87,15,5.07,"2005-08-21"
530,"Lord Arizona",108,1,"Action",39.90,11,3.99,"2006-02-14"
531,"Lose Inch",137,9,"Foreign",77.74,27,2.99,"2005-08-22"
532,"Loser Hustler",80,15,"Sports",83.86,15,5.99,"2005-08-23"
533,"Lost Bird",98,9,"Foreign",50.90,12,5.09,"2005-08-21"
534,"Louisiana Harry",70,8,"Family",28.84,17,1.80,"2005-08-23"
535,"Love Suicides",181,11,"Horror",22.85,20,1.52,"2005-08-23"
536,"Lovely Jingle",65,4,"Classics",62.87,14,4.84,"2006-02-14"
537,"Lover Truman",75,4,"Classics",54.91,10,6.10,"2005-08-21"
538,"Loverboy Attacks",162,13,"New",16.89,12,1.54,"2005-08-21"
539,"Luck Opus",152,7,"Drama",21.93,10,3.13,"2005-08-19"
540,"Lucky Flying",97,12,"Music",32.90,13,3.29,"2005-08-23"
541,"Luke Mummy",74,2,"Animation",28.93,7,4.13,"2005-08-21"
542,"Lust Lock",52,1,"Action",74.82,15,4.99,"2006-02-14"
543,"Madigan Dorado",116,16,"Travel",48.92,10,6.12,"2005-08-23"
544,"Madison Trap",147,6,"Documentary",64.87,15,4.99,"2005-08-22"
545,"Madness Attacks",178,9,"Foreign",65.77,25,2.86,"2005-08-22"
546,"Madre Gables",98,10,"Games",47.87,14,3.68,"2005-08-23"
547,"Magic Mallrats",117,3,"Children",17.93,7,2.56,"2005-08-22"
548,"Magnificent Chitty",53,4,"Classics",54.92,8,6.87,"2005-08-19"
549,"Magnolia Forrester",171,1,"Action",34.89,11,3.17,"2005-08-22"
550,"Maguire Apache",74,8,"Family",33.91,9,3.77,"2005-08-22"
551,"Maiden Home",138,13,"New",152.78,24,6.94,"2005-08-23"
552,"Majestic Floats",130,6,"Documentary",36.85,17,2.46,"2005-08-22"
553,"Maker Gables",136,3,"Children",32.90,10,3.29,"2005-08-23"
554,"Malkovich Pet",159,4,"Classics",75.77,26,3.29,"2005-08-23"
555,"Mallrats United",133,5,"Comedy",70.78,25,3.22,"2005-08-23"
556,"Maltese Hope",127,10,"Games",118.79,22,5.66,"2005-08-23"
557,"Manchurian Curtain",177,8,"Family",59.86,15,4.28,"2005-08-23"
558,"Mannequin Worst",71,13,"New",23.95,5,4.79,"2005-08-22"
559,"Married Go",114,14,"Sci-Fi",84.74,30,3.26,"2005-08-22"
560,"Mars Roman",62,10,"Games",30.83,19,1.81,"2005-08-22"
561,"Mask Peach",123,13,"New",49.86,17,3.56,"2005-08-22"
562,"Masked Bubble",151,12,"Music",24.81,20,1.31,"2005-08-23"
563,"Massacre Usual",165,10,"Games",149.75,30,5.99,"2005-08-23"
564,"Massage Image",161,2,"Animation",56.89,12,5.17,"2005-08-21"
565,"Matrix Snowman",56,9,"Foreign",40.92,9,5.12,"2005-08-21"
566,"Maude Mod",72,9,"Foreign",10.93,8,1.56,"2005-08-19"
567,"Meet Chocolate",80,9,"Foreign",56.89,12,5.17,"2005-08-23"
568,"Memento Zoolander",77,5,"Comedy",88.87,13,6.84,"2005-08-22"
569,"Menagerie Rushmore",147,2,"Animation",18.94,7,3.16,"2005-08-23"
570,"Mermaid Insects",104,15,"Sports",94.85,16,6.32,"2005-08-22"
571,"Metal Armageddon",161,6,"Documentary",88.79,25,4.23,"2005-08-22"
572,"Metropolis Coma",64,14,"Sci-Fi",116.76,26,4.87,"2005-08-22"
573,"Microcosmos Paradise",105,3,"Children",43.88,13,3.66,"2005-08-23"
574,"Midnight Westward",86,1,"Action",38.84,17,2.43,"2006-02-14"
575,"Midsummer Groundhog",48,6,"Documentary",129.82,22,7.21,"2005-08-21"
576,"Mighty Luck",122,6,"Documentary",31.90,12,3.19,"2005-08-23"
577,"Mile Mulan",64,15,"Sports",33.89,13,3.08,"2005-08-21"
578,"Million Ace",142,4,"Classics",103.83,20,6.11,"2005-08-23"
579,"Minds Truman",149,1,"Action",144.81,20,7.62,"2005-08-22"
580,"Mine Titans",166,13,"New",138.83,19,8.17,"2005-08-23"
581,"Minority Kiss",59,12,"Music",27.89,12,2.32,"2006-02-14"
582,"Miracle Virtual",162,2,"Animation",41.92,9,5.24,"2005-08-18"
583,"Mission Zoolander",164,2,"Animation",110.84,18,6.93,"2005-08-22"
584,"Mixed Doors",180,9,"Foreign",15.96,4,3.99,"2005-08-21"
585,"Mob Duffel",105,7,"Drama",27.90,12,2.79,"2005-08-23"
586,"Mockingbird Hollywood",60,1,"Action",53.78,24,2.44,"2006-02-14"
587,"Mod Secretary",77,6,"Documentary",48.91,11,5.43,"2005-08-21"
588,"Model Fish",175,3,"Children",76.87,15,5.91,"2005-08-21"
589,"Modern Dorado",74,6,"Documentary",42.88,15,3.57,"2005-08-23"
590,"Money Harold",135,13,"New",111.80,20,5.59,"2005-08-22"
591,"Monsoon Cause",182,10,"Games",54.91,9,6.10,"2005-08-19"
592,"Monster Spartacus",107,12,"Music",48.86,15,3.49,"2006-02-14"
593,"Monterey Labyrinth",158,11,"Horror",19.89,13,1.81,"2005-08-22"
594,"Montezuma Command",126,1,"Action",11.91,9,1.32,"2005-08-23"
595,"Moon Bunch",83,9,"Foreign",35.74,29,1.37,"2005-08-22"
596,"Moonshine Cabin",171,10,"Games",131.80,21,6.59,"2005-08-22"
597,"Moonwalker Fool",184,10,"Games",75.89,13,6.90,"2006-02-14"
598,"Mosquito Armageddon",57,15,"Sports",16.89,15,1.54,"2006-02-14"
599,"Mother Oleander",103,15,"Sports",63.87,14,4.91,"2005-08-23"
600,"Motions Details",166,11,"Horror",25.87,16,1.85,"2006-02-14"
601,"Moulin Wake",79,16,"Travel",51.84,16,3.24,"2005-08-22"
602,"Mourning Purple",146,14,"Sci-Fi",39.81,21,2.10,"2005-08-22"
603,"Movie Shakespeare",53,8,"Family",125.78,27,5.47,"2006-02-14"
604,"Mulan Moon",160,5,"Comedy",30.89,13,2.81,"2006-02-14"
605,"Mulholland Beast",157,9,"Foreign",21.93,7,3.13,"2006-02-14"
606,"Mummy Creatures",160,15,"Sports",55.85,16,3.72,"2006-02-14"
607,"Muppet Mile",50,9,"Foreign",0.00,0,0.00,NULL
608,"Murder Antitrust",166,3,"Children",78.79,23,3.75,"2005-08-23"
609,"Muscle Bright",185,16,"Travel",86.73,30,3.21,"2005-08-23"
610,"Music Boondock",129,8,"Family",20.83,19,1.23,"2005-08-23"
611,"Musketeers Wait",73,4,"Classics",82.85,17,5.52,"2005-08-21"
612,"Mussolini Spoilers",180,15,"Sports",15.95,5,3.19,"2005-08-19"
613,"Mystic Truman",92,5,"Comedy",17.92,10,2.24,"2005-08-23"
614,"Name Detective",178,10,"Games",131.78,23,5.99,"2006-02-14"
615,"Nash Chocolat",180,2,"Animation",58.87,15,4.53,"2005-08-22"
616,"National Story",92,6,"Documentary",76.83,19,4.52,"2005-08-23"
617,"Natural Stock",50,8,"Family",31.88,13,2.66,"2005-08-23"
618,"Necklace Outbreak",132,7,"Drama",36.86,15,2.63,"2005-08-23"
619,"Neighbors Charade",161,15,"Sports",62.83,19,3.70,"2005-08-21"
620,"Nemo Campus",131,14,"Sci-Fi",59.86,14,4.28,"2005-08-23"
621,"Network Peak",75,8,"Family",116.73,31,4.32,"2005-08-23"
622,"Newsies Story",159,6,"Documentary",22.93,7,3.28,"2005-08-23"
623,"Newton Labyrinth",75,9,"Foreign",46.84,17,2.93,"2005-08-22"
624,"Nightmare Chill",149,10,"Games",148.79,25,7.09,"2005-08-23"
625,"None Spiking",83,14,"Sci-Fi",79.75,27,3.19,"2006-02-14"
626,"Noon Papi",57,3,"Children",60.85,17,4.06,"2005-08-20"
627,"North Tequila",67,6,"Documentary",51.91,11,5.77,"2005-08-23"
628,"Northwest Polish",172,15,"Sports",77.82,20,4.32,"2005-08-23"
629,"Notorious Reunion",128,6,"Documentary",24.87,14,1.91,"2005-08-22"
630,"Notting Speakeasy",48,7,"Drama",12.91,10,1.43,"2005-08-22"
631,"Novocaine Flight",64,15,"Sports",49.82,19,2.77,"2005-08-22"
632,"Nuts Ties",145,13,"New",53.91,9,5.99,"2005-08-23"
633,"October Submarine",54,4,"Classics",57.90,11,5.79,"2005-08-23"
634,"Odds Boogie",48,8,"Family",19.87,15,1.53,"2005-08-23"
635,"Oklahoma Jumanji",58,13,"New",5.94,6,0.99,"2005-08-23"
636,"Oleander Clue",161,12,"Music",24.91,10,2.77,"2005-08-22"
637,"Open African",131,14,"Sci-Fi",103.81,21,5.46,"2005-08-23"
638,"Operation Operation",156,5,"Comedy",80.75,27,3.23,"2006-02-14"
639,"Opposite Necklace",92,8,"Family",56.89,13,5.17,"2006-02-14"
640,"Opus Ice",102,9,"Foreign",60.90,11,6.09,"2005-08-22"
641,"Orange Grapes",76,9,"Foreign",61.78,24,2.81,"2005-08-23"
642,"Order Betrayed",120,16,"Travel",0.00,0,0.00,NULL
643,"Orient Closer",118,7,"Drama",80.83,17,4.75,"2005-08-23"
644,"Oscar Gold",115,2,"Animation",83.75,25,3.35,"2005-08-23"
645,"Others Soup",118,16,"Travel",70.80,23,3.54,"2005-08-23"
646,"Outbreak Divine",169,10,"Games",31.82,23,1.77,"2005-08-23"
647,"Outfield Massacre",129,12,"Music",54.82,20,3.05,"2006-02-14"
648,"Outlaw Hanky",148,16,"Travel",73.86,14,5.28,"2006-02-14"
649,"Oz Liaisons",85,2,"Animation",87.78,24,3.99,"2005-08-23"
650,"Pacific Amistad",144,6,"Documentary",43.81,24,2.31,"2005-08-23"
651,"Packer Madigan",84,2,"Animation",58.80,22,2.94,"2005-08-23"
652,"Pajama Jawbreaker",126,4,"Classics",39.86,14,2.85,"2005-08-21"
653,"Panic Club",102,11,"Horror",51.93,7,7.42,"2005-08-22"
654,"Panky Submarine",93,10,"Games",86.88,15,7.24,"2005-08-19"
655,"Panther Reds",109,14,"Sci-Fi",83.86,15,5.99,"2005-08-22"
656,"Papi Necklace",128,16,"Travel",27.93,8,3.99,"2005-08-17"
657,"Paradise Sabrina",48,5,"Comedy",79.82,18,4.43,"2005-08-22"
658,"Paris Weekend",121,11,"Horror",40.88,14,3.41,"2005-08-23"
659,"Park Citizen",109,1,"Action",48.94,8,8.16,"2005-08-20"
660,"Party Knock",107,5,"Comedy",41.88,13,3.49,"2005-08-23"
661,"Past Suicides",157,9,"Foreign",66.88,13,5.57,"2005-08-20"
662,"Paths Control",118,7,"Drama",81.90,10,8.19,"2005-08-23"
663,"Patient Sister",99,4,"Classics",21.82,19,1.21,"2005-08-23"
664,"Patriot Roman",65,1,"Action",52.85,16,3.52,"2005-08-22"
665,"Patton Interview",175,11,"Horror",94.79,23,4.51,"2005-08-23"
666,"Paycheck Wait",145,7,"Drama",101.84,16,6.37,"2005-08-23"
667,"Peach Innocent",160,15,"Sports",80.86,14,6.22,"2006-02-14"
668,"Peak Forever",80,15,"Sports",94.82,20,5.27,"2005-08-23"
669,"Pearl Destiny",74,9,"Foreign",0.00,0,0.00,NULL
670,"Pelican Comforts",48,6,"Documentary",165.77,26,7.21,"2005-08-23"
671,"Perdition Fargo",99,15,"Sports",0.00,0,0.00,NULL
672,"Perfect Groove",82,5,"Comedy",53.84,17,3.37,"2005-08-23"
673,"Personal Ladybugs",118,12,"Music",43.87,14,3.37,"2005-08-22"
674,"Pet Haunting",99,9,"Foreign",26.92,8,3.37,"2005-08-22"
675,"Phantom Glory",60,13,"New",21.94,6,3.66,"2005-08-19"
676,"Philadelphia Wife",137,15,"Sports",107.80,23,5.13,"2006-02-14"
677,"Pianist Outfield",136,13,"New",38.78,21,1.85,"2006-02-14"
678,"Pickup Driving",77,15,"Sports",93.85,16,6.26,"2005-08-20"
679,"Pilot Hoosiers",50,8,"Family",51.86,16,3.70,"2005-08-20"
680,"Pinocchio Simon",103,5,"Comedy",119.82,20,6.66,"2005-08-23"
681,"Pirates Roxanne",100,15,"Sports",45.81,21,2.55,"2006-02-14"
682,"Pittsburgh Hunchback",134,8,"Family",83.89,12,7.63,"2005-08-22"
683,"Pity Bound",60,7,"Drama",138.77,26,6.03,"2005-08-23"
684,"Pizza Jumanji",173,10,"Games",25.94,7,4.32,"2005-08-21"
685,"Platoon Instinct",132,13,"New",40.92,9,5.12,"2005-08-21"
686,"Pluto Oleander",84,13,"New",73.87,16,5.68,"2005-08-21"
687,"Pocus Pulp",138,6,"Documentary",40.75,26,1.63,"2005-08-23"
688,"Polish Brooklyn",61,3,"Children",18.85,18,1.26,"2005-08-23"
689,"Pollock Deliverance",137,9,"Foreign",66.82,18,3.93,"2006-02-14"
690,"Pond Seattle",185,2,"Animation",61.82,19,3.43,"2005-08-22"
691,"Poseidon Forever",159,15,"Sports",100.83,17,5.93,"2005-08-23"
692,"Potluck Mixed",179,2,"Animation",43.90,11,4.39,"2005-08-23"
693,"Potter Connecticut",115,2,"Animation",62.85,17,4.19,"2005-08-22"
694,"Prejudice Oleander",98,4,"Classics",110.81,20,5.83,"2005-08-21"
695,"President Bang",144,8,"Family",35.94,7,5.99,"2005-08-21"
696,"Pride Alamo",114,2,"Animation",17.85,16,1.19,"2006-02-14"
697,"Primary Glass",53,1,"Action",36.73,27,1.36,"2005-08-21"
698,"Princess Giant",71,6,"Documentary",121.77,27,5.07,"2006-02-14"
699,"Private Drop",106,10,"Games",26.95,5,5.39,"2005-08-19"
700,"Prix Undefeated",115,8,"Family",37.90,11,3.79,"2005-08-20"
701,"Psycho Shrunk",155,10,"Games",0.00,0,0.00,NULL
702,"Pulp Beverly",89,11,"Horror",121.74,30,4.68,"2006-02-14"
703,"Punk Divorce",100,2,"Animation",41.93,8,5.99,"2005-08-20"
704,"Pure Runner",121,5,"Comedy",89.85,16,5.99,"2006-02-14"
705,"Purple Movie",88,9,"Foreign",52.88,13,4.41,"2005-08-23"
706,"Queen Luke",163,7,"Drama",128.79,22,6.13,"2006-02-14"
707,"Quest Mussolini",177,1,"Action",77.80,20,3.89,"2005-08-23"
708,"Quills Bull",112,6,"Documentary",77.87,16,5.99,"2005-08-23"
709,"Racer Egg",147,7,"Drama",54.83,18,3.23,"2005-08-23"
710,"Rage Games",120,8,"Family",119.81,19,6.31,"2005-08-23"
711,"Raging Airplane",154,14,"Sci-Fi",77.88,13,6.49,"2005-08-23"
712,"Raiders Antitrust",82,6,"Documentary",0.00,0,0.00,NULL
713,"Rainbow Shock",74,6,"Documentary",0.00,0,0.00,NULL
714,"Random Go",73,14,"Sci-Fi",31.91,9,3.55,"2005-08-20"
715,"Range Moonwalker",147,8,"Family",158.77,27,6.90,"2005-08-23"
716,"Reap Unfaithful",136,11,"Horror",62.84,16,3.93,"2005-08-23"
717,"Rear Trading",97,1,"Action",27.85,17,1.86,"2005-08-22"
718,"Rebel Airport",73,12,"Music",6.93,8,0.99,"2005-08-23"
719,"Records Zorro",182,15,"Sports",38.93,8,5.56,"2005-08-23"
720,"Redemption Comforts",179,13,"New",113.80,20,5.69,"2005-08-23"
721,"Reds Pocus",182,12,"Music",47.92,9,5.99,"2005-08-23"
722,"Reef Salute",123,11,"Horror",23.89,11,2.17,"2005-08-22"
723,"Reign Gentlemen",82,14,"Sci-Fi",105.81,20,5.57,"2005-08-23"
724,"Remember Diary",110,8,"Family",70.83,18,4.17,"2005-08-23"
725,"Requiem Tycoon",167,4,"Classics",105.82,19,5.88,"2005-08-23"
726,"Reservoir Adaptation",61,9,"Foreign",29.91,10,3.32,"2005-08-23"
727,"Resurrection Silverado",117,8,"Family",24.81,21,1.31,"2005-08-22"
728,"Reunion Witches",63,7,"Drama",50.82,20,2.82,"2005-08-23"
729,"Rider Caddyshack",177,15,"Sports",48.89,11,4.44,"2005-08-22"
730,"Ridgemont Submarine",46,13,"New",110.72,32,3.95,"2006-02-14"
731,"Right Cranes",153,4,"Classics",52.90,10,5.29,"2005-08-21"
732,"Rings Heartbreakers",58,1,"Action",31.87,15,2.45,"2005-08-23"
733,"River Outlaw",149,15,"Sports",56.82,20,2.99,"2006-02-14"
734,"Road Roxanne",158,6,"Documentary",115.83,19,6.81,"2005-08-23"
735,"Robbers Joon",102,3,"Children",85.74,31,3.30,"2005-08-22"
736,"Robbery Bright",134,8,"Family",32.88,13,2.74,"2005-08-21"
737,"Rock Instinct",102,11,"Horror",48.83,17,2.87,"2005-08-23"
738,"Rocketeer Mother",178,9,"Foreign",97.72,33,3.49,"2005-08-23"
739,"Rocky War",145,7,"Drama",88.87,16,6.84,"2005-08-22"
740,"Rollercoaster Bringing",153,11,"Horror",39.91,10,4.43,"2005-08-23"
741,"Roman Punk",81,12,"Music",25.79,24,1.23,"2005-08-23"
742,"Roof Champion",101,10,"Games",0.00,0,0.00,NULL
743,"Room Roman",60,2,"Animation",27.82,20,1.55,"2005-08-22"
744,"Roots Remember",89,4,"Classics",37.86,17,2.70,"2005-08-23"
745,"Roses Treasure",162,15,"Sports",137.77,28,5.99,"2005-08-23"
746,"Rouge Squad",118,10,"Games",51.84,18,3.24,"2005-08-23"
747,"Roxanne Rebel",171,10,"Games",29.83,19,1.75,"2005-08-23"
748,"Rugrats Shakespeare",109,1,"Action",67.72,30,2.42,"2005-08-23"
749,"Rules Human",153,11,"Horror",78.87,16,6.07,"2005-08-22"
750,"Run Pacific",145,13,"New",42.91,10,4.77,"2005-08-22"
751,"Runaway Tenenbaums",181,13,"New",11.93,8,1.70,"2005-08-21"
752,"Runner Madigan",101,12,"Music",14.92,8,1.87,"2005-08-19"
753,"Rush Goodfellas",48,8,"Family",81.72,31,2.92,"2005-08-22"
754,"Rushmore Mermaid",150,5,"Comedy",18.94,6,3.16,"2005-08-22"
755,"Sabrina Midnight",99,3,"Children",126.79,21,6.04,"2005-08-21"
756,"Saddle Antitrust",80,5,"Comedy",32.89,14,2.99,"2005-08-23"
757,"Sagebrush Clueless",106,6,"Documentary",83.86,16,5.99,"2005-08-23"
758,"Saints Bride",125,7,"Drama",31.92,8,3.99,"2005-08-23"
759,"Salute Apollo",73,13,"New",95.80,23,4.79,"2005-08-22"
760,"Samurai Lion",110,13,"New",101.76,25,4.24,"2005-08-23"
761,"Santa Paris",154,3,"Children",29.90,11,2.99,"2005-08-23"
762,"Sassy Packer",154,10,"Games",14.88,13,1.24,"2005-08-22"
763,"Satisfaction Confidential",75,15,"Sports",122.84,17,7.68,"2005-08-22"
764,"Saturday Lambs",150,15,"Sports",190.74,28,7.34,"2005-08-23"
765,"Saturn Name",182,5,"Comedy",70.87,13,5.45,"2005-08-23"
766,"Savannah Town",84,7,"Drama",22.90,12,2.29,"2005-08-22"
767,"Scalawag Duck",183,12,"Music",157.71,32,5.44,"2005-08-23"
768,"Scarface Bang",102,3,"Children",106.84,18,6.68,"2006-02-14"
769,"School Jacket",151,9,"Foreign",35.94,6,5.99,"2005-08-21"
770,"Scissorhands Slums",147,9,"Foreign",42.88,15,3.57,"2005-08-22"
771,"Scorpion Apollo",137,7,"Drama",158.79,23,7.56,"2005-08-23"
772,"Sea Virgin",80,7,"Drama",84.81,22,4.46,"2005-08-23"
773,"Seabiscuit Punk",112,15,"Sports",86.76,26,3.62,"2006-02-14"
774,"Searchers Wait",182,5,"Comedy",75.86,14,5.42,"2005-08-20"
775,"Seattle Expecations",110,7,"Drama",125.80,24,6.62,"2006-02-14"
776,"Secret Groundhog",90,6,"Documentary",105.81,21,5.57,"2005-08-22"
777,"Secretary Rouge",158,15,"Sports",112.82,18,6.27,"2005-08-22"
778,"Secrets Paradise",109,8,"Family",139.82,20,7.77,"2005-08-22"
779,"Sense Greek",54,15,"Sports",47.93,7,6.85,"2005-08-23"
780,"Sensibility Rear",98,8,"Family",52.90,10,5.29,"2005-08-21"
781,"Seven Swarm",127,10,"Games",30.95,5,6.19,"2005-08-23"
782,"Shakespeare Saddle",60,15,"Sports",76.80,22,3.84,"2005-08-22"
783,"Shane Darkness",93,16,"Travel",52.87,14,4.07,"2005-08-22"
784,"Shanghai Tycoon",47,16,"Travel",43.86,14,3.13,"2005-08-21"
785,"Shawshank Bubble",80,16,"Travel",109.81,19,5.78,"2006-02-14"
786,"Shepherd Midsummer",113,3,"Children",28.77,25,1.25,"2005-08-23"
787,"Shining Roses",125,16,"Travel",22.92,8,2.87,"2005-08-23"
788,"Ship Wonderland",104,6,"Documentary",44.86,15,3.20,"2005-08-22"
789,"Shock Cabin",79,9,"Foreign",96.71,30,3.33,"2006-02-14"
790,"Shootist Superfly",67,7,"Drama",36.77,24,1.60,"2005-08-23"
791,"Show Lord",167,6,"Documentary",145.78,25,6.63,"2005-08-23"
792,"Shrek License",154,9,"Foreign",37.88,15,3.16,"2006-02-14"
793,"Shrunk Divine",139,1,"Action",46.87,14,3.61,"2005-08-23"
794,"Side Ark",52,1,"Action",29.88,12,2.49,"2005-08-23"
795,"Siege Madre",111,8,"Family",16.86,15,1.20,"2005-08-23"
796,"Sierra Divide",135,15,"Sports",57.85,15,3.86,"2005-08-23"
797,"Silence Kane",67,12,"Music",15.85,16,1.06,"2005-08-22"
798,"Silverado Goldfinger",74,14,"Sci-Fi",91.88,12,7.66,"2006-02-14"
799,"Simon North",51,11,"Horror",18.94,6,3.16,"2005-08-23"
800,"Sinners Atlantis",126,11,"Horror",60.81,22,3.20,"2005-08-22"
801,"Sister Freddy",152,3,"Children",0.00,0,0.00,NULL
802,"Sky Miracle",132,1,"Action",0.00,0,0.00,NULL
803,"Slacker Liaisons",179,7,"Drama",86.84,17,5.43,"2005-08-23"
804,"Sleeping Suspects",129,11,"Horror",121.78,24,5.54,"2006-02-14"
805,"Sleepless Monsoon",64,2,"Animation",103.83,20,6.11,"2006-02-14"
806,"Sleepy Japanese",137,13,"New",76.83,21,4.27,"2006-02-14"
807,"Sleuth Orient",87,10,"Games",48.81,21,2.57,"2005-08-22"
808,"Sling Luke",84,4,"Classics",14.94,6,2.49,"2005-08-18"
809,"Slipper Fidelity",156,15,"Sports",24.86,16,1.78,"2005-08-20"
810,"Slums Duck",147,8,"Family",48.78,24,2.22,"2005-08-22"
811,"Smile Earring",60,16,"Travel",58.90,10,5.89,"2005-08-19"
812,"Smoking Barbarella",50,6,"Documentary",17.84,18,1.05,"2006-02-14"
813,"Smoochy Control",184,15,"Sports",14.88,12,1.24,"2006-02-14"
814,"Snatch Slipper",110,5,"Comedy",117.80,22,5.89,"2005-08-23"
815,"Snatchers Montezuma",74,4,"Classics",37.91,9,4.21,"2005-08-23"
816,"Snowman Rollercoaster",62,2,"Animation",65.79,23,3.13,"2005-08-23"
817,"Soldiers Evolution",185,14,"Sci-Fi",36.93,8,5.28,"2005-08-20"
818,"Something Duck",180,7,"Drama",120.82,19,6.71,"2005-08-20"
819,"Song Hedwig",165,12,"Music",31.90,11,3.19,"2006-02-14"
820,"Sons Interview",184,2,"Animation",75.85,15,5.42,"2006-02-14"
821,"Sorority Queen",184,9,"Foreign",19.88,12,1.66,"2005-08-21"
822,"Soup Wisdom",169,8,"Family",11.93,8,1.70,"2005-08-20"
823,"South Wait",143,1,"Action",102.79,22,4.89,"2006-02-14"
824,"Spartacus Cheaper",52,8,"Family",60.91,9,6.77,"2005-08-21"
825,"Speakeasy Date",165,1,"Action",41.89,12,3.81,"2005-08-21"
826,"Speed Suit",124,16,"Travel",44.92,9,5.62,"2005-08-20"
827,"Spice Sorority",141,7,"Drama",106.81,20,5.62,"2005-08-23"
828,"Spiking Element",79,4,"Classics",38.88,13,3.24,"2005-08-22"
829,"Spinal Rocky",138,8,"Family",39.87,13,3.07,"2005-08-23"
830,"Spirit Flintstones",149,11,"Horror",14.86,15,1.06,"2005-08-20"
831,"Spirited Casualties",138,14,"Sci-Fi",18.90,11,1.89,"2005-08-23"
832,"Splash Gump",175,8,"Family",33.86,14,2.42,"2005-08-22"
833,"Splendor Patton",134,3,"Children",40.79,21,1.94,"2005-08-23"
834,"Spoilers Hellfighters",151,6,"Documentary",18.91,10,2.10,"2005-08-23"
835,"Spy Mile",112,10,"Games",94.73,27,3.51,"2005-08-22"
836,"Squad Fish",136,15,"Sports",27.93,7,3.99,"2005-08-23"
837,"Stage World",85,5,"Comedy",46.90,10,4.69,"2005-08-21"
838,"Stagecoach Armageddon",112,1,"Action",138.77,26,6.03,"2005-08-23"
839,"Stallion Sundance",130,14,"Sci-Fi",7.94,7,1.32,"2005-08-23"
840,"Stampede Disturbing",75,10,"Games",32.86,14,2.35,"2005-08-23"
841,"Star Operation",181,15,"Sports",83.80,21,4.19,"2006-02-14"
842,"State Wasteland",113,10,"Games",55.89,13,4.66,"2006-02-14"
843,"Steel Santa",143,4,"Classics",136.78,23,6.22,"2005-08-23"
844,"Steers Armageddon",140,15,"Sports",85.85,15,5.72,"2005-08-22"
845,"Stepmom Dream",48,9,"Foreign",99.81,20,5.25,"2005-08-22"
846,"Sting Personal",93,13,"New",149.80,21,7.49,"2005-08-23"
847,"Stock Glass",160,13,"New",42.87,14,3.30,"2005-08-23"
848,"Stone Fire",94,16,"Travel",32.90,11,3.29,"2005-08-22"
849,"Storm Happiness",57,2,"Animation",42.74,29,1.64,"2005-08-22"
850,"Story Side",163,1,"Action",35.74,28,1.37,"2005-08-23"
851,"Straight Hours",151,15,"Sports",55.81,20,2.94,"2005-08-22"
852,"Strangelove Desire",103,3,"Children",79.78,24,3.63,"2005-08-21"
853,"Stranger Strangers",139,3,"Children",65.90,11,6.59,"2005-08-20"
854,"Strangers Graffiti",119,11,"Horror",104.86,17,7.49,"2005-08-23"
855,"Streak Ridgemont",132,6,"Documentary",17.87,16,1.37,"2006-02-14"
856,"Streetcar Intentions",73,11,"Horror",137.77,25,5.99,"2005-08-23"
857,"Strictly Scarface",144,5,"Comedy",113.77,23,4.95,"2005-08-23"
858,"Submarine Bed",127,5,"Comedy",78.87,15,6.07,"2005-08-21"
859,"Sugar Wonka",114,2,"Animation",93.85,17,6.26,"2005-08-23"
860,"Suicides Silence",93,14,"Sci-Fi",0.00,0,0.00,NULL
861,"Suit Walls",111,10,"Games",134.81,21,7.10,"2006-02-14"
862,"Summer Scarface",53,4,"Classics",32.86,16,2.35,"2006-02-14"
863,"Sun Confessions",141,14,"Sci-Fi",50.77,25,2.21,"2005-08-22"
864,"Sundance Invasion",92,3,"Children",36.82,19,2.05,"2006-02-14"
865,"Sunrise League",135,2,"Animation",155.78,24,7.08,"2005-08-22"
866,"Sunset Racer",48,8,"Family",11.93,8,1.70,"2005-08-23"
867,"Super Wyoming",58,8,"Family",78.88,13,6.57,"2005-08-20"
868,"Superfly Trip",114,16,"Travel",16.91,10,1.88,"2005-08-18"
869,"Suspects Quills",47,1,"Action",118.73,30,4.40,"2006-02-14"
870,"Swarm Gold",123,11,"Horror",64.77,27,2.82,"2006-02-14"
871,"Sweden Shining",176,5,"Comedy",101.83,18,6.36,"2006-02-14"
872,"Sweet Brotherhood",185,16,"Travel",58.89,15,5.35,"2005-08-23"
873,"Sweethearts Suspects",108,3,"Children",93.73,29,3.47,"2006-02-14"
874,"Tadpole Park",155,4,"Classics",0.00,0,0.00,NULL
875,"Talented Homicide",173,15,"Sports",34.76,29,1.45,"2005-08-23"
876,"Tarzan Videotape",91,11,"Horror",40.92,8,5.12,"2005-08-22"
877,"Taxi Kick",64,12,"Music",34.83,17,2.05,"2005-08-22"
878,"Teen Apollo",74,16,"Travel",109.86,17,7.85,"2005-08-21"
879,"Telegraph Voyage",148,12,"Music",215.75,27,8.63,"2005-08-23"
880,"Telemark Heartbreakers",152,2,"Animation",88.76,25,3.70,"2005-08-23"
881,"Temple Attraction",71,11,"Horror",57.90,12,5.79,"2005-08-23"
882,"Tenenbaums Command",99,7,"Drama",19.88,13,1.66,"2005-08-22"
883,"Tequila Past",53,3,"Children",32.94,6,5.49,"2005-08-22"
884,"Terminator Club",88,12,"Music",39.94,6,6.66,"2005-08-22"
885,"Texas Watch",179,11,"Horror",5.94,6,0.99,"2005-08-21"
886,"Theory Mermaid",184,2,"Animation",30.88,11,2.81,"2006-02-14"
887,"Thief Pelican",135,2,"Animation",97.84,19,6.12,"2005-08-22"
888,"Thin Sagebrush",53,6,"Documentary",73.89,11,6.72,"2005-08-21"
889,"Ties Hunger",111,3,"Children",69.91,11,7.77,"2005-08-23"
890,"Tights Dawn",172,15,"Sports",54.76,26,2.28,"2005-08-23"
891,"Timberland Sky",69,4,"Classics",102.74,31,3.95,"2005-08-23"
892,"Titanic Boondock",104,2,"Animation",149.78,23,6.81,"2006-02-14"
893,"Titans Jerk",91,14,"Sci-Fi",186.73,29,6.92,"2006-02-14"
894,"Tomatoes Hellfighters",68,16,"Travel",19.86,14,1.42,"2005-08-21"
895,"Tomorrow Hustler",142,4,"Classics",101.76,25,4.24,"2005-08-23"
896,"Tootsie Pilot",157,3,"Children",28.88,15,2.41,"2005-08-22"
897,"Torque Bound",179,7,"Drama",169.76,27,7.38,"2006-02-14"
898,"Tourist Pelican",152,15,"Sports",126.81,22,6.67,"2005-08-21"
899,"Towers Hurricane",144,4,"Classics",10.91,11,1.21,"2005-08-18"
900,"Town Ark",136,9,"Foreign",46.87,14,3.61,"2005-08-22"
901,"Tracy Cider",142,2,"Animation",78.76,26,3.28,"2005-08-23"
902,"Trading Pinocchio",170,15,"Sports",133.77,25,5.82,"2006-02-14"
903,"Traffic Hobbit",139,16,"Travel",24.95,5,4.99,"2005-08-21"
904,"Train Bunch",71,11,"Horror",24.96,4,6.24,"2005-08-23"
905,"Trainspotting Strangers",132,5,"Comedy",46.91,11,5.21,"2005-08-23"
906,"Tramp Others",171,5,"Comedy",40.82,20,2.27,"2005-08-22"
907,"Translation Summer",168,7,"Drama",25.87,15,1.99,"2005-08-20"
908,"Trap Guys",110,9,"Foreign",119.85,16,7.99,"2005-08-22"
909,"Treasure Command",102,11,"Horror",0.00,0,0.00,NULL
910,"Treatment Jekyll",87,7,"Drama",6.94,7,1.16,"2005-08-21"
911,"Trip Newton",64,1,"Action",135.74,28,5.22,"2005-08-23"
912,"Trojan Tomorrow",52,14,"Sci-Fi",75.82,19,4.46,"2006-02-14"
913,"Troopers Metal",115,13,"New",46.86,14,3.35,"2005-08-23"
914,"Trouble Date",61,16,"Travel",70.81,23,3.54,"2006-02-14"
915,"Truman Crazy",92,1,"Action",104.80,23,5.24,"2005-08-22"
916,"Turn Star",80,2,"Animation",56.88,14,4.74,"2005-08-22"
917,"Tuxedo Mile",152,15,"Sports",76.87,13,5.91,"2006-02-14"
918,"Twisted Pirates",152,3,"Children",66.89,11,6.08,"2005-08-23"
919,"Tycoon Gathering",82,10,"Games",103.88,12,8.66,"2005-08-23"
920,"Unbreakable Karate",62,13,"New",76.81,21,4.04,"2005-08-22"
921,"Uncut Suicides",172,12,"Music",42.87,14,3.30,"2005-08-23"
922,"Undefeated Dalmations",107,11,"Horror",102.81,21,5.41,"2005-08-23"
923,"Unfaithful Kill",78,7,"Drama",26.92,8,3.37,"2005-08-22"
924,"Unforgiven Zoolander",129,14,"Sci-Fi",22.84,18,1.43,"2005-08-21"
925,"United Pilot",164,6,"Documentary",43.85,17,2.92,"2005-08-21"
926,"Untouchables Sunrise",120,6,"Documentary",28.93,8,4.13,"2005-08-20"
927,"Uprising Uptown",174,1,"Action",45.87,16,3.53,"2005-08-23"
928,"Uptown Young",84,3,"Children",29.90,12,2.99,"2005-08-21"
929,"Usual Untouchables",128,9,"Foreign",65.88,13,5.49,"2005-08-23"
930,"Vacation Boondock",145,14,"Sci-Fi",89.81,21,4.73,"2005-08-23"
931,"Valentine Vanishing",48,16,"Travel",12.90,12,1.29,"2005-08-19"
932,"Valley Packer",73,5,"Comedy",49.88,15,4.16,"2005-08-22"
933,"Vampire Whale",126,13,"New",69.89,12,6.35,"2005-08-22"
934,"Vanilla Day",122,10,"Games",52.91,9,5.88,"2005-08-21"
935,"Vanished Garden",142,13,"New",14.94,7,2.13,"2006-02-14"
936,"Vanishing Rocky",123,12,"Music",80.83,18,4.75,"2006-02-14"
937,"Varsity Trip",85,13,"New",48.84,16,3.05,"2006-02-14"
938,"Velvet Terminator",173,5,"Comedy",152.77,26,6.64,"2005-08-23"
939,"Vertigo Northwest",90,5,"Comedy",37.92,8,4.74,"2005-08-23"
940,"Victory Academy",64,15,"Sports",12.91,9,1.43,"2005-08-22"
941,"Videotape Arsenic",145,10,"Games",148.76,29,6.20,"2005-08-22"
942,"Vietnam Smoochy",174,7,"Drama",21.86,15,1.56,"2005-08-21"
943,"Villain Desperate",76,6,"Documentary",0.00,0,0.00,NULL
944,"Virgin Daisy",179,7,"Drama",86.84,17,5.43,"2005-08-22"
945,"Virginian Pluto",164,6,"Documentary",47.75,29,1.91,"2006-02-14"
946,"Virtual Spoilers",144,8,"Family",105.87,14,8.14,"2005-08-23"
947,"Vision Torque",59,9,"Foreign",11.94,7,1.99,"2005-08-22"
948,"Voice Peach",139,13,"New",31.83,19,1.87,"2005-08-23"
949,"Volcano Texas",157,10,"Games",32.81,22,1.73,"2006-02-14"
950,"Volume House",132,4,"Classics",0.00,0,0.00,NULL
951,"Voyage Legally",78,4,"Classics",42.75,28,1.71,"2005-08-23"
952,"Wagon Jaws",152,6,"Documentary",33.91,10,3.77,"2005-08-21"
953,"Wait Cider",112,2,"Animation",73.82,21,4.10,"2005-08-23"
954,"Wake Jaws",73,13,"New",0.00,0,0.00,NULL
955,"Walls Artist",135,3,"Children",0.00,0,0.00,NULL
956,"Wanda Chamber",107,10,"Games",76.86,16,5.49,"2006-02-14"
957,"War Notting",80,9,"Foreign",65.88,12,5.49,"2005-08-23"
958,"Wardrobe Phantom",178,7,"Drama",80.77,27,3.51,"2005-08-23"
959,"Warlock Werewolf",83,3,"Children",21.94,6,3.66,"2005-08-19"
960,"Wars Pluto",128,6,"Documentary",42.90,10,4.29,"2005-08-22"
961,"Wash Heavenly",161,9,"Foreign",104.80,23,5.24,"2005-08-21"
962,"Wasteland Divine",85,4,"Classics",40.88,15,3.41,"2005-08-21"
963,"Watch Tracy",78,2,"Animation",33.85,16,2.26,"2005-08-22"
964,"Waterfront Deliverance",61,1,"Action",116.84,17,7.30,"2005-08-21"
965,"Watership Frontier",112,11,"Horror",13.94,6,2.32,"2005-08-22"
966,"Wedding Apollo",70,6,"Documentary",71.79,24,3.42,"2006-02-14"
967,"Weekend Personal",134,14,"Sci-Fi",71.83,18,4.23,"2005-08-22"
968,"Werewolf Lola",79,1,"Action",68.88,14,5.74,"2005-08-23"
969,"West Lion",159,7,"Drama",92.86,16,6.63,"2005-08-22"
970,"Westward Seabiscuit",52,4,"Classics",36.75,26,1.47,"2005-08-23"
971,"Whale Bikini",109,9,"Foreign",113.85,18,7.59,"2005-08-23"
972,"Whisperer Giant",59,14,"Sci-Fi",141.80,22,7.09,"2005-08-23"
973,"Wife Turn",183,6,"Documentary",198.73,31,7.36,"2005-08-23"
974,"Wild Apollo",181,13,"New",15.94,6,2.66,"2006-02-14"
975,"Willow Tracy",137,8,"Family",52.85,16,3.52,"2005-08-23"
976,"Wind Phantom",111,10,"Games",33.79,23,1.61,"2005-08-23"
977,"Window Side",85,16,"Travel",50.89,12,4.63,"2006-02-14"
978,"Wisdom Worker",98,5,"Comedy",29.91,9,3.32,"2005-08-21"
979,"Witches Panic",100,7,"Drama",146.75,30,5.87,"2005-08-23"
980,"Wizard Coldblooded",75,12,"Music",90.85,16,6.06,"2005-08-23"
981,"Wolves Desire",55,16,"Travel",24.79,21,1.18,"2005-08-21"
982,"Women Dorado",126,1,"Action",38.81,23,1.94,"2006-02-14"
983,"Won Dares",105,12,"Music",28.91,9,3.21,"2005-08-23"
984,"Wonderful Drop",126,9,"Foreign",46.92,9,5.87,"2005-08-22"
985,"Wonderland Christmas",111,14,"Sci-Fi",142.79,22,6.80,"2005-08-23"
986,"Wonka Sea",85,2,"Animation",66.82,18,3.71,"2005-08-23"
987,"Words Hunter",116,12,"Music",73.86,16,5.28,"2005-08-22"
988,"Worker Tarzan",139,16,"Travel",47.86,15,3.42,"2005-08-22"
989,"Working Microcosmos",74,16,"Travel",144.78,25,6.58,"2005-08-23"
990,"World Leathernecks",171,11,"Horror",24.92,8,3.12,"2006-02-14"
991,"Worst Banger",185,1,"Action",66.85,16,4.46,"2005-08-23"
992,"Wrath Mile",176,6,"Documentary",22.87,14,1.76,"2005-08-22"
993,"Wrong Behavior",178,3,"Children",62.80,20,3.14,"2005-08-23"
994,"Wyoming Storm",100,13,"New",61.89,13,5.63,"2005-08-23"
995,"Yentl Idaho",86,11,"Horror",122.79,23,5.85,"2005-08-23"
996,"Young Language",183,6,"Documentary",6.93,7,0.99,"2005-08-23"
997,"Youth Kick",179,12,"Music",16.94,6,2.82,"2005-08-18"
998,"Zhivago Core",105,11,"Horror",10.93,9,1.56,"2006-02-14"
999,"Zoolander Fiction",101,3,"Children",66.85,17,4.46,"2005-08-23"
1000,"Zorro Ark",50,5,"Comedy",199.72,31,7.13,"2005-08-23"
